stream_id;channel_name;tivione_epg_id;epgshare_id;score;method
893916;┃DE┃ RTL 4K UHD;;RTL.de;1.000;EXACT_STRICT
893917;┃DE┃ SKY SPORT BUNDESLIGA 4K UHD;;Sky.Sport.Bundesliga.de;1.000;FUZZY_STRICT
893918;┃DE┃ SKY SPORT 4K UHD;;Sky.Sport.UHD.de;1.000;EXACT_STRICT
893920;┃DE┃ TRAVEL XP 4K UHD;;travelxp.4K.de;1.000;EXACT_STRICT
1025123;┃DE┃ DAS ERSTE FHD;ard.de;Das.Erste.de;1.000;EXACT_STRICT
1025124;┃DE┃ ZDF FHD;zdf.de;ZDF.de;1.000;EXACT_STRICT
1025125;┃DE┃ RTL FHD;;RTL.de;1.000;EXACT_STRICT
1025130;┃DE┃ RTL ZWEI FHD;;RTLZWEI.de;1.000;EXACT_STRICT
1025126;┃DE┃ SAT.1 FHD;sat1.de;SAT.1.de;1.000;EXACT_STRICT
1025145;┃DE┃ SAT.1 GOLD FHD;sat1gold.de;SAT.1.Gold.de;1.000;EXACT_STRICT
1025159;┃DE┃ SAT.1 EMOTIONS FHD;sat1emotions.de;SAT.1.emotions.de;1.000;EXACT_STRICT
1025127;┃DE┃ PROSIEBEN FHD;pro7.de;ProSieben.de;1.000;EXACT_STRICT
1025141;┃DE┃ PROSIEBEN MAXX FHD;prosiebenmaxx.de;ProSieben.MAXX.de;1.000;EXACT_STRICT
1025156;┃DE┃ PROSIEBEN FUN FHD;prosiebenfun.de;ProSieben.Fun.de;1.000;EXACT_STRICT
1025128;┃DE┃ VOX FHD;vox.de;VOX.de;1.000;EXACT_STRICT
1025148;┃DE┃ VOXUP FHD;voxup.de;VOXup.de;1.000;EXACT_STRICT
1025129;┃DE┃ KABEL EINS FHD;kabel1.de;kabel.eins.de;1.000;EXACT_STRICT
1025151;┃DE┃ KABEL EINS DOKU FHD;kabeleinsdoku.de;kabel.eins.Doku.de;1.000;EXACT_STRICT
1025155;┃DE┃ KABEL EINS CLASSICS FHD;kabeleinsclassic.de;kabel.eins.classics.de;1.000;EXACT_STRICT
1025137;┃DE┃ ARTE FHD;arte.de;ARTE.de;1.000;EXACT_STRICT
1025147;┃DE┃ SIXX FHD;sixx.de;sixx.de;1.000;EXACT_STRICT
1025131;┃DE┃ 3SAT FHD;3sat.de;3sat.de;1.000;EXACT_STRICT
1025133;┃DE┃ N-TV FHD;ntv.de;ntv.de;1.000;EXACT_STRICT
1025132;┃DE┃ WELT FHD;welt.de;WELT.de;1.000;EXACT_STRICT
1025153;┃DE┃ TAGESSCHAU 24 FHD;tagesschau24.de;tagesschau24.de;1.000;EXACT_STRICT
1025134;┃DE┃ PHOENIX FHD;phoenix.de;PHOENIX.de;1.000;EXACT_STRICT
1025149;┃DE┃ ARD-ALPHA FHD;ardalpha.de;ARD.alpha.de;1.000;EXACT_STRICT
1025157;┃DE┃ RTL PASSION FHD;rtlpassion.de;RTL.Passion.de;1.000;EXACT_STRICT
1025142;┃DE┃ RTL CRIME FHD;rtlcrime.de;RTL.Crime.de;1.000;EXACT_STRICT
1025144;┃DE┃ RTLUP FHD;rtlup.de;RTLup.de;1.000;EXACT_STRICT
1025143;┃DE┃ NITRO FHD;rtlnitro.de;NITRO.de;1.000;EXACT_STRICT
1025158;┃DE┃ RTL LIVING FHD;rtlliving.de;RTL.Living.de;1.000;EXACT_STRICT
1025136;┃DE┃ ZDF NEO FHD;zdfneo.de;ZDFneo.de;1.000;EXACT_STRICT
1025150;┃DE┃ ZDF INFO FHD;zdfinfo.de;ZDFinfo.de;1.000;EXACT_STRICT
1025160;┃DE┃ DMAX FHD;dmax.de;DMAX.de;1.000;EXACT_STRICT
1025135;┃DE┃ TELE 5 FHD;tele5.de;Tele.5.de;1.000;EXACT_STRICT
1025138;┃DE┃ ONE FHD;one.de;ONE.de;1.000;EXACT_STRICT
1025152;┃DE┃ N24 DOKU FHD;n24doku.de;N24.DOKU.de;1.000;EXACT_STRICT
1025146;┃DE┃ DF1 FHD;df1.de;DF1.de;1.000;EXACT_STRICT
1025181;┃DE┃ TAGESSCHAU 24 FHD;tagesschau24.de;tagesschau24.de;1.000;EXACT_STRICT
1025183;┃DE┃ ARD-ALPHA FHD;ardalpha.de;ARD.alpha.de;1.000;EXACT_STRICT
1025175;┃DE┃ DAS ERSTE FHD;ard.de;Das.Erste.de;1.000;EXACT_STRICT
1025176;┃DE┃ ZDF FHD;zdf.de;ZDF.de;1.000;EXACT_STRICT
1025178;┃DE┃ WELT FHD;welt.de;WELT.de;1.000;EXACT_STRICT
1025177;┃DE┃ N-TV FHD;ntv.de;ntv.de;1.000;EXACT_STRICT
1025182;┃DE┃ PHOENIX FHD;phoenix.de;PHOENIX.de;1.000;EXACT_STRICT
1025201;┃DE┃ NICKTOONS FHD;nicktoons.de;Nicktoons.de;1.000;EXACT_STRICT
1025198;┃DE┃ NICK JR. FHD;nickjr.de;Nick.Jr..de;1.000;EXACT_STRICT
1025204;┃DE┃ DISNEY CHANNEL FHD;disneychannel.de;Disney.Channel.de;1.000;EXACT_STRICT
1025197;┃DE┃ CARTOON NETWORK FHD;cartoonnetwork.de;Cartoon.Network.de;1.000;EXACT_STRICT
1025196;┃DE┃ CARTOONITO FHD;;Cartoonito.de;1.000;EXACT_STRICT
1025193;┃DE┃ KIKA FHD;kika.de;KIKA.de;1.000;EXACT_STRICT
1025195;┃DE┃ TOGGO PLUS FHD;toggoplus.de;TOGGO.plus.de;1.000;EXACT_STRICT
1025192;┃DE┃ SUPER RTL FHD;superrtl.de;SUPER.RTL.de;1.000;EXACT_STRICT
1025205;┃DE┃ RIC FHD;riceotv.de;RiC.de;1.000;EXACT_STRICT
1025206;┃DE┃ FIX & FOX FHD;fixandfoxi.de;Fix.&.Foxi.de;0.947;FUZZY_STRICT
1025210;┃DE┃ SKY ONE FHD;;Sky.One.de;1.000;EXACT_STRICT
1025211;┃DE┃ SKY CINEMA PREMIEREN FHD;skycinemapremieren.de;Sky.Cinema.Premiere.HD.de;0.971;FUZZY_STRICT
1025213;┃DE┃ SKY CINEMA HIGHLIGHTS FHD;skycinemahighlights.de;Sky.Cinema.Highlights.HD.de;1.000;EXACT_STRICT
1025212;┃DE┃ SKY CINEMA ACTION FHD;skycinemaaction.de;Sky.Cinema.Action.HD.de;1.000;EXACT_STRICT
1025214;┃DE┃ SKY CINEMA FAMILY FHD;skycinemafamily.de;Sky.Cinema.Family.HD.de;1.000;EXACT_STRICT
1025215;┃DE┃ SKY CINEMA CLASSICS FHD;skycinemaclassics.de;Sky.Cinema.Classics.HD.de;1.000;EXACT_STRICT
1025218;┃DE┃ SKY ATLANTIC FHD;skyatlantic.de;Sky.Atlantic.HD.de;1.000;EXACT_STRICT
1025217;┃DE┃ SKY KRIMI FHD;skykrimi.de;Sky.Krimi.de;1.000;EXACT_STRICT
1025216;┃DE┃ SKY SHOWCASE FHD;skyshowcasehd.de;sky.showcase.de;1.000;FUZZY_STRICT
1025223;┃DE┃ MTV FHD;mtvgermany.de;MTV.de;1.000;EXACT_STRICT
1025224;┃DE┃ COMEDY CENTRAL FHD;comedycentral.de;Comedy.Central.de;1.000;EXACT_STRICT
1025228;┃DE┃ WARNER TV SERIE FHD;warnerserie.de;Warner.TV.Serie.de;1.000;EXACT_STRICT
1025227;┃DE┃ WARNER TV FILM FHD;warnerfilm.de;Warner.TV.Film.de;1.000;EXACT_STRICT
1025226;┃DE┃ WARNER TV COMEDY FHD;warnercomedy.de;Warner.TV.Comedy.de;1.000;EXACT_STRICT
1025234;┃DE┃ AXN WHITE FHD;;AXN.White.de;1.000;EXACT_STRICT
1025232;┃DE┃ AXN BLACK FHD;;AXN.Black.de;1.000;EXACT_STRICT
1025225;┃DE┃ SYFY FHD;syfy.de;SyFy.de;1.000;EXACT_STRICT
1025230;┃DE┃ KINOWELT TV FHD;kinowelt.de;KinoweltTV.de;1.000;EXACT_STRICT
1025233;┃DE┃ ROMANCE TV FHD;romance.de;Romance.TV.de;1.000;EXACT_STRICT
1025235;┃DE┃ HEIMATKANAL FHD;heimatkanal.de;Heimatkanal.de;1.000;EXACT_STRICT
1025248;┃DE┃ SKY DOCUMENTARIES FHD;skydocumentarieshd.de;Sky.Documentaries.de;1.000;EXACT_STRICT
1025249;┃DE┃ SKY NATURE FHD;skynaturehd.de;Sky.Nature.de;1.000;EXACT_STRICT
1025247;┃DE┃ SKY CRIME FHD;skycrimehd.de;Sky.Crime.de;1.000;EXACT_STRICT
1025253;┃DE┃ CRIME+ INVESTIGATION FHD;crimeplusinvestigation.de;CRIME.+.INVESTIGATION.de;1.000;EXACT_STRICT
1025255;┃DE┃ ANIMAL PLANET FHD;animalplanet.de;Animal.Planet.de;1.000;EXACT_STRICT
1025271;┃DE┃ DMAX FHD;dmax.de;DMAX.de;1.000;EXACT_STRICT
1025256;┃DE┃ TLC FHD;tlc.de;TLC.de;1.000;EXACT_STRICT
1025267;┃DE┃ TRAVELXP FHD;;travelxp.4K.de;1.000;EXACT_STRICT
1025270;┃DE┃ N24 DOKU FHD;n24doku.de;N24.DOKU.de;1.000;EXACT_STRICT
1025268;┃DE┃ KABEL EINS DOKU FHD;kabeleinsdoku.de;kabel.eins.Doku.de;1.000;EXACT_STRICT
1025257;┃DE┃ GEO TELEVISION FHD;geotelevision.de;GEO.Television.de;1.000;EXACT_STRICT
1025259;┃DE┃ SPIEGEL GESCHICHTE FHD;spiegelgeschichte.de;Spiegel.Geschichte.de;1.000;EXACT_STRICT
1025260;┃DE┃ BONGUSTO FHD;bongusto.de;Bon.Gusto.de;1.000;EXACT_STRICT
1025261;┃DE┃ BERGBLICK FHD;;Bergblick.de;1.000;EXACT_STRICT
1025273;┃DE┃ HSE FHD;;HSE.de;1.000;EXACT_STRICT
1025262;┃DE┃ CURIOSITY CHANNEL FHD;curiositychannel.de;Curiosity.Channel.de;1.000;EXACT_STRICT
1025269;┃DE┃ MARCO POLO TV FHD;marcopolotv.de;Marco.Polo.TV.de;1.000;EXACT_STRICT
1025264;┃DE┃ FASHION TV FHD;fashiontv.de;Fashion.TV.de;1.000;EXACT_STRICT
1025348;┃DE┃ DOKUSAT FHD;dokusat.de;Dokusat.de;1.000;FUZZY_STRICT
1025311;┃DE┃ GOLDSTAR TV FHD;goldstartv.de;Goldstar.TV.de;1.000;EXACT_STRICT
1025297;┃DE┃ DELUXE MUSIC FHD;deluxemusic.de;DELUXE.MUSIC.de;1.000;EXACT_STRICT
1025310;┃DE┃ JUKEBOX FHD;jukebox.de;Jukebox.de;1.000;EXACT_STRICT
1025375;┃DE┃ DELUXE MUSIC FHD;deluxemusic.de;DELUXE.MUSIC.de;1.000;EXACT_STRICT
1025316;┃DE┃ MTV LIVE;mtvlive.de;MTV.Live.HD.de;1.000;EXACT_STRICT
1025314;┃DE┃ MTV HITS;mtvhits.de;MTV.Hits.de;1.000;EXACT_STRICT
1025312;┃DE┃ MTV BASE;mtvbase.de;MTV.Base.de;1.000;EXACT_STRICT
1025407;┃DE┃ 1-2-3.TV FHD;123tv.de;123.tv.de;1.000;EXACT_STRICT
1025409;┃DE┃ QVC FHD;qvc.de;QVC.de;1.000;EXACT_STRICT
1025411;┃DE┃ SONNENKLAR.TV FHD;sonnenklar.de;Sonnenklar.TV.de;1.000;EXACT_STRICT
1025412;┃DE┃ MÜNCHEN TV FHD;munchentv.de;münchen.tv.de;1.000;EXACT_STRICT
1025405;┃DE┃ BIBEL TV FHD;bibeltv.de;Bibel.TV.de;1.000;EXACT_STRICT
1025408;┃DE┃ CHANNEL 21 FHD;;Channel21.de;1.000;EXACT_STRICT
1025406;┃DE┃ K-TV FHD;ktv.de;K-TV.de;1.000;EXACT_STRICT
1149422;┃DE┃ SKY SPORT F1 HEVC;;Sky.Sport.F1.de;1.000;EXACT_STRICT
1149420;┃DE┃ SKY SPORT F1 FHD;skysportf1.de;Sky.Sport.F1.de;1.000;EXACT_STRICT
760942;┃DE┃ SKY SPORT F1 HD;skysportf1.de;Sky.Sport.F1.de;1.000;EXACT_STRICT
1149303;┃DE┃ SKY SPORT BUNDESLIGA FHD;skybundesliga.de;Sky.Sport.Bundesliga.de;1.000;FUZZY_STRICT
1149304;┃DE┃ SKY SPORT BUNDESLIGA 1 FHD;skybundesliga1.de;Sky.Sport.Bundesliga.1.de;1.000;EXACT_STRICT
1149305;┃DE┃ SKY SPORT BUNDESLIGA 2 FHD;skybundesliga2.de;Sky.Sport.Bundesliga.2.de;1.000;EXACT_STRICT
1149306;┃DE┃ SKY SPORT BUNDESLIGA 3 FHD;skybundesliga3.de;Sky.Sport.Bundesliga.3.de;1.000;EXACT_STRICT
1149307;┃DE┃ SKY SPORT BUNDESLIGA 4 FHD;skybundesliga4.de;Sky.Sport.Bundesliga.4.de;1.000;EXACT_STRICT
1149308;┃DE┃ SKY SPORT BUNDESLIGA 5 FHD;skybundesliga5.de;Sky.Sport.Bundesliga.5.de;1.000;EXACT_STRICT
1149309;┃DE┃ SKY SPORT BUNDESLIGA 6 FHD;skybundesliga6.de;Sky.Sport.Bundesliga.6.de;1.000;EXACT_STRICT
1149310;┃DE┃ SKY SPORT BUNDESLIGA 7 FHD;skybundesliga7.de;Sky.Sport.Bundesliga.7.de;1.000;EXACT_STRICT
1149311;┃DE┃ SKY SPORT BUNDESLIGA 8 FHD;skybundesliga8.de;Sky.Sport.Bundesliga.8.de;1.000;EXACT_STRICT
1149312;┃DE┃ SKY SPORT BUNDESLIGA 9 FHD;skybundesliga9.de;Sky.Sport.Bundesliga.9.de;1.000;EXACT_STRICT
1149313;┃DE┃ SKY SPORT BUNDESLIGA 10 FHD;skybundesliga10.de;Sky.Sport.Bundesliga.10.de;1.000;EXACT_STRICT
1149314;┃DE┃ SKY SPORT BUNDESLIGA HD;skybundesliga.de;Sky.Sport.Bundesliga.de;1.000;FUZZY_STRICT
1149315;┃DE┃ SKY SPORT BUNDESLIGA 1 HD;skybundesliga1.de;Sky.Sport.Bundesliga.1.de;1.000;EXACT_STRICT
1149316;┃DE┃ SKY SPORT BUNDESLIGA 2 HD;skybundesliga2.de;Sky.Sport.Bundesliga.2.de;1.000;EXACT_STRICT
1149317;┃DE┃ SKY SPORT BUNDESLIGA 3 HD;skybundesliga3.de;Sky.Sport.Bundesliga.3.de;1.000;EXACT_STRICT
1149318;┃DE┃ SKY SPORT BUNDESLIGA 4 HD;skybundesliga4.de;Sky.Sport.Bundesliga.4.de;1.000;EXACT_STRICT
1149319;┃DE┃ SKY SPORT BUNDESLIGA 5 HD;skybundesliga5.de;Sky.Sport.Bundesliga.5.de;1.000;EXACT_STRICT
1149320;┃DE┃ SKY SPORT BUNDESLIGA 6 HD;skybundesliga6.de;Sky.Sport.Bundesliga.6.de;1.000;EXACT_STRICT
1149321;┃DE┃ SKY SPORT BUNDESLIGA 7 HD;skybundesliga7.de;Sky.Sport.Bundesliga.7.de;1.000;EXACT_STRICT
1149322;┃DE┃ SKY SPORT BUNDESLIGA 8 HD;skybundesliga8.de;Sky.Sport.Bundesliga.8.de;1.000;EXACT_STRICT
1149323;┃DE┃ SKY SPORT BUNDESLIGA 9 HD;skybundesliga9.de;Sky.Sport.Bundesliga.9.de;1.000;EXACT_STRICT
1149324;┃DE┃ SKY SPORT BUNDESLIGA 10 HD;skybundesliga10.de;Sky.Sport.Bundesliga.10.de;1.000;EXACT_STRICT
1149431;┃DE┃ SKY SPORT NEWS FHD;skysportsnewshd.de;Sky.Sport.News.de;1.000;EXACT_STRICT
1149434;┃DE┃ SKY SPORT TOP EVENT FHD;skysporttopevent.de;Sky.Sport.Top.Event.de;1.000;EXACT_STRICT
1149432;┃DE┃ SKY SPORT PREMIER LEAGUE FHD;skysportpremierleague.de;Sky.Sport.Premier.League.de;1.000;EXACT_STRICT
1149473;┃DE┃ SKY SPORT F1 FHD;skysportf1.de;Sky.Sport.F1.de;1.000;EXACT_STRICT
1149430;┃DE┃ SKY SPORT MIX FHD;skysportmix.de;Sky.Sport.Mix.de;1.000;EXACT_STRICT
1149433;┃DE┃ SKY SPORT TENNIS FHD;skysporttennis.de;Sky.Sport.Tennis.de;1.000;EXACT_STRICT
1149429;┃DE┃ SKY SPORT GOLF FHD;skysportgolf.de;Sky.Sport.Golf.de;1.000;EXACT_STRICT
1149435;┃DE┃ SKY SPORT 1 FHD;skysport1.de;Sky.Sport.1.de;1.000;EXACT_STRICT
1149436;┃DE┃ SKY SPORT 2 FHD;skysport2.de;Sky.Sport.2.de;1.000;EXACT_STRICT
1149437;┃DE┃ SKY SPORT 3 FHD;skysport3.de;Sky.Sport.3.de;1.000;EXACT_STRICT
1149438;┃DE┃ SKY SPORT 4 FHD;skysport4.de;Sky.Sport.4.de;1.000;EXACT_STRICT
1149439;┃DE┃ SKY SPORT 5 FHD;skysport5.de;Sky.Sport.5.de;1.000;EXACT_STRICT
1149440;┃DE┃ SKY SPORT 6 FHD;skysport6.de;Sky.Sport.6.de;1.000;EXACT_STRICT
1149441;┃DE┃ SKY SPORT 7 FHD;skysport7.de;Sky.Sport.7.de;1.000;EXACT_STRICT
1149442;┃DE┃ SKY SPORT 8 FHD;skysport8.de;Sky.Sport.8.de;1.000;EXACT_STRICT
1149443;┃DE┃ SKY SPORT 9 FHD;skysport9.de;Sky.Sport.9.de;1.000;EXACT_STRICT
1149444;┃DE┃ SKY SPORT 10 FHD;skysport10.de;Sky.Sport.10.de;1.000;EXACT_STRICT
1149457;┃DE┃ SKY SPORT NEWS HD;skysportnews.de;Sky.Sport.News.de;1.000;EXACT_STRICT
1149460;┃DE┃ SKY SPORT TOP EVENT HD;skysporttopevent.de;Sky.Sport.Top.Event.de;1.000;EXACT_STRICT
1149458;┃DE┃ SKY SPORT PREMIER LEAGUE HD;skysportpremierleague.de;Sky.Sport.Premier.League.de;1.000;EXACT_STRICT
1149474;┃DE┃ SKY SPORT F1 HD;skysportf1.de;Sky.Sport.F1.de;1.000;EXACT_STRICT
1149456;┃DE┃ SKY SPORT MIX HD;skysportmix.de;Sky.Sport.Mix.de;1.000;EXACT_STRICT
1149459;┃DE┃ SKY SPORT TENNIS HD;skysporttennis.de;Sky.Sport.Tennis.de;1.000;EXACT_STRICT
1149454;┃DE┃ SKY SPORT GOLF HD;skysportgolf.de;Sky.Sport.Golf.de;1.000;EXACT_STRICT
1149461;┃DE┃ SKY SPORT 1 HD;skysport1.de;Sky.Sport.1.de;1.000;EXACT_STRICT
1149462;┃DE┃ SKY SPORT 2 HD;skysport2.de;Sky.Sport.2.de;1.000;EXACT_STRICT
1149463;┃DE┃ SKY SPORT 3 HD;skysport3.de;Sky.Sport.3.de;1.000;EXACT_STRICT
1149464;┃DE┃ SKY SPORT 4 HD;skysport4.de;Sky.Sport.4.de;1.000;EXACT_STRICT
1149465;┃DE┃ SKY SPORT 5 HD;skysport5.de;Sky.Sport.5.de;1.000;EXACT_STRICT
1149466;┃DE┃ SKY SPORT 6 HD;skysport6.de;Sky.Sport.6.de;1.000;EXACT_STRICT
1149467;┃DE┃ SKY SPORT 7 HD;skysport7.de;Sky.Sport.7.de;1.000;EXACT_STRICT
1149468;┃DE┃ SKY SPORT 8 HD;skysport8.de;Sky.Sport.8.de;1.000;EXACT_STRICT
1149469;┃DE┃ SKY SPORT 9 HD;skysport9.de;Sky.Sport.9.de;1.000;EXACT_STRICT
1149470;┃DE┃ SKY SPORT 10 HD;skysport10.de;Sky.Sport.10.de;1.000;EXACT_STRICT
760961;┃DE┃ EUROSPORT 1 FHD;eurosport1.de;Eurosport.1.de;1.000;EXACT_STRICT
1149499;┃DE┃ EUROSPORT 1 HD;eurosport1.de;Eurosport.1.de;1.000;EXACT_STRICT
760962;┃DE┃ EUROSPORT 2 FHD;eurosport2.de;Eurosport.2.de;1.000;EXACT_STRICT
1149500;┃DE┃ EUROSPORT 2 HD;eurosport2.de;Eurosport.2.de;1.000;EXACT_STRICT
760963;┃DE┃ SPORT DIGITAL FUSSBALL FHD;sportdigital.de;sportdigital.Fussball.de;1.000;EXACT_STRICT
1149501;┃DE┃ SPORT DIGITAL FUSSBALL HD;sportdigital.de;sportdigital.Fussball.de;1.000;EXACT_STRICT
761090;┃DE┃ MS SPORT FHD;;MS.Sport.de;1.000;EXACT_STRICT
1149503;┃DE┃ MS SPORT HD;;MS.Sport.de;1.000;EXACT_STRICT
760964;┃DE┃ SPORT 1 FHD;sport1.de;SPORT1.de;1.000;EXACT_STRICT
1149504;┃DE┃ SPORT 1 HD;sport1.de;SPORT1.de;1.000;EXACT_STRICT
760966;┃DE┃ MOTORVISION TV FHD;motorvision.de;Motorvision.TV.de;1.000;EXACT_STRICT
760969;┃DE┃ ESPORTS 1 FHD;esports1.de;eSports1.de;1.000;EXACT_STRICT
449;┃DE┃ DAS ERSTE HD;ard.de;Das.Erste.de;1.000;EXACT_STRICT
446;┃DE┃ ZDF HD;zdf.de;ZDF.de;1.000;EXACT_STRICT
426;┃DE┃ RTL HD;rtl.de;RTL.de;1.000;EXACT_STRICT
432;┃DE┃ SAT.1 HD;sat1.de;SAT.1.de;1.000;EXACT_STRICT
431;┃DE┃ SAT.1 GOLD HD;sat1.de;SAT.1.Gold.de;1.000;EXACT_STRICT
430;┃DE┃ SAT.1 EMOTIONS HD;sat1emotions.de;SAT.1.emotions.de;1.000;EXACT_STRICT
429;┃DE┃ PROSIEBEN HD;pro7.de;ProSieben.de;1.000;EXACT_STRICT
428;┃DE┃ PROSIEBEN MAXX HD;pro7.de;ProSieben.MAXX.de;1.000;EXACT_STRICT
427;┃DE┃ PROSIEBEN FUN HD;prosiebenfun.de;ProSieben.Fun.de;1.000;EXACT_STRICT
437;┃DE┃ VOX HD;vox.de;VOX.de;1.000;EXACT_STRICT
436;┃DE┃ VOXUP HD;vox.de;VOXup.de;1.000;EXACT_STRICT
434;┃DE┃ KABEL EINS HD;kabel1.de;kabel.eins.de;1.000;EXACT_STRICT
433;┃DE┃ KABEL EINS DOKU HD;kabeleinsdoku.de;kabel.eins.Doku.de;1.000;EXACT_STRICT
219084;┃DE┃ KABEL EINS CLASSICS HD;kabeleinsclassic.de;kabel.eins.classics.de;1.000;EXACT_STRICT
441;┃DE┃ ARTE HD;arte.de;ARTE.de;1.000;EXACT_STRICT
400;┃DE┃ SIXX HD;sixx.de;sixx.de;1.000;EXACT_STRICT
442;┃DE┃ 3SAT HD;3sat.de;3sat.de;1.000;EXACT_STRICT
439;┃DE┃ NTV HD;ntv.de;ntv.de;1.000;EXACT_STRICT
443;┃DE┃ WDR HD;wdr.de;WDR.de;1.000;EXACT_STRICT
438;┃DE┃ NDR HD;ndr.de;NDR.de;1.000;EXACT_STRICT
447;┃DE┃ TAGESSCHAU24 HD;tagesschau24.de;tagesschau24.de;1.000;EXACT_STRICT
708703;┃DE┃ PHOENIX HD;phoenix.de;PHOENIX.de;1.000;EXACT_STRICT
448;┃DE┃ ARD-ALPHA HD;ardalpha.de;ARD.alpha.de;1.000;EXACT_STRICT
424;┃DE┃ RTL PASSION HD;rtlpassion.de;RTL.Passion.de;1.000;EXACT_STRICT
422;┃DE┃ RTL CRIME HD;rtlcrime.de;RTL.Crime.de;1.000;EXACT_STRICT
420;┃DE┃ RTL UP HD;rtlplus.de;RTLup.de;1.000;EXACT_STRICT
421;┃DE┃ NITRO HD;rtlnitro.de;NITRO.de;1.000;EXACT_STRICT
419;┃DE┃ RTL LIVING HD;rtlliving.de;RTL.Living.de;1.000;EXACT_STRICT
445;┃DE┃ ZDF NEO HD;zdfneo.de;ZDFneo.de;1.000;EXACT_STRICT
444;┃DE┃ ZDF INFO HD;zdfinfo.de;ZDFinfo.de;1.000;EXACT_STRICT
435;┃DE┃ DMAX HD;dmax.de;DMAX.de;1.000;EXACT_STRICT
401;┃DE┃ TELE 5 HD;tele5.de;Tele.5.de;1.000;EXACT_STRICT
440;┃DE┃ WELT HD;welt.de;WELT.de;1.000;EXACT_STRICT
347;┃DE┃ MDR HD;mdr.de;MDR.de;1.000;EXACT_STRICT
395;┃DE┃ NICK TOONS;nicktoons.de;Nicktoons.de;1.000;EXACT_STRICT
394;┃DE┃ NICK JR. HD;nickjr.de;Nick.Jr..de;1.000;EXACT_STRICT
398;┃DE┃ DISNEY CHANNEL HD;disneychannel.de;Disney.Channel.de;1.000;EXACT_STRICT
393;┃DE┃ CARTOON NETWORK HD;cartoonnetwork.de;Cartoon.Network.de;1.000;EXACT_STRICT
392;┃DE┃ CARTOONITO HD;boomerang.de;Cartoonito.de;1.000;EXACT_STRICT
389;┃DE┃ TOGGO PLUS;toggoplus.de;TOGGO.plus.de;1.000;EXACT_STRICT
388;┃DE┃ KIKA;kika.de;KIKA.de;1.000;EXACT_STRICT
391;┃DE┃ FIX & FOX;fixandfoxi.de;Fix.&.Foxi.de;0.947;FUZZY_STRICT
386;┃DE┃ SKY ONE HD;sky1.de;Sky.One.de;1.000;EXACT_STRICT
385;┃DE┃ SKY CINEMA PREMIEREN HD;skycinemapremieren.de;Sky.Cinema.Premiere.HD.de;0.971;FUZZY_STRICT
3385;┃DE┃ SKY CINEMA ACTION HD;skycinemaaction.de;Sky.Cinema.Action.HD.de;1.000;EXACT_STRICT
380;┃DE┃ SKY CINEMA HIGHLIGHT HD;skycinemaspecialhd.de;Sky.Cinema.Highlights.HD.de;0.973;FUZZY_STRICT
378;┃DE┃ SKY CINEMA FAMILY HD;skycinemafamily.de;Sky.Cinema.Family.HD.de;1.000;EXACT_STRICT
379;┃DE┃ SKY CINEMA CLASSICS HD;skycinemaclassics.de;Sky.Cinema.Classics.HD.de;1.000;EXACT_STRICT
376;┃DE┃ SKY ATLANTIC HD;skyatlantic.de;Sky.Atlantic.HD.de;1.000;EXACT_STRICT
374;┃DE┃ SKY KRIMI HD;skykrimi.de;Sky.Krimi.de;1.000;EXACT_STRICT
404;┃DE┃ MTV HD;mtvgermany.de;MTV.de;1.000;EXACT_STRICT
399;┃DE┃ COMEDY CENTRAL HD;comedycentral.de;Comedy.Central.de;1.000;EXACT_STRICT
417;┃DE┃ WARNER TV SERIE HD;warnerserie.de;Warner.TV.Serie.de;1.000;EXACT_STRICT
416;┃DE┃ WARNER TV FILM HD;warnerfilm.de;Warner.TV.Film.de;1.000;EXACT_STRICT
415;┃DE┃ WARNER TV COMEDY HD;warnercomedy.de;Warner.TV.Comedy.de;1.000;EXACT_STRICT
412;┃DE┃ SYFY HD;syfy.de;SyFy.de;1.000;EXACT_STRICT
414;┃DE┃ AXN WHITE HD;sonyentertainmenttv.de;AXN.White.de;1.000;EXACT_STRICT
413;┃DE┃ AXN BLACK HD;sonyaxn.de;AXN.Black.de;1.000;EXACT_STRICT
408;┃DE┃ ROMANCE TV HD;romance.de;Romance.TV.de;1.000;EXACT_STRICT
407;┃DE┃ HEIMATKANAL;heimatkanal.de;Heimatkanal.de;1.000;EXACT_STRICT
357;┃DE┃ NAT GEO HD;natgeo.de;Nat.Geo.HD.de;1.000;EXACT_STRICT
356;┃DE┃ NAT GEO WILD HD;natgeowild.de;NAT.GEO.WILD.de;1.000;EXACT_STRICT
355;┃DE┃ DISCOVERY HD;disneychannel.de;Discovery.HD.de;1.000;EXACT_STRICT
354;┃DE┃ CRIME+ INVESTIGATION HD;crimeplusinvestigation.de;CRIME.+.INVESTIGATION.de;1.000;EXACT_STRICT
352;┃DE┃ ANIMAL PLANET HD;animalplanet.de;Animal.Planet.de;1.000;EXACT_STRICT
403;┃DE┃ TLC HD;tlc.de;TLC.de;1.000;EXACT_STRICT
349;┃DE┃ HR HD;hr.de;HR.de;1.000;EXACT_STRICT
406;┃DE┃ SPIEGEL GESCHICHTE HD;spiegelgeschichte.de;Spiegel.Geschichte.de;1.000;EXACT_STRICT
348;┃DE┃ BON GUSTO HD;bongusto.de;Bon.Gusto.de;1.000;EXACT_STRICT
1127;┃DE┃ EUROSPORT 1 HD;;Eurosport.1.de;1.000;EXACT_STRICT
1126;┃DE┃ EUROSPORT 2 HD;;Eurosport.2.de;1.000;EXACT_STRICT
1122;┃DE┃ SPORT DIGITAL FUSSBALL HD;;sportdigital.Fussball.de;1.000;EXACT_STRICT
1124;┃DE┃ SPORT 1 HD;;SPORT1.de;1.000;EXACT_STRICT
1123;┃DE┃ SPORT 1+ HD;;SPORT1+.de;1.000;EXACT_STRICT
1121;┃DE┃ MOTORVISION TV HD;;Motorvision.TV.de;1.000;EXACT_STRICT
1118;┃DE┃ ESPORTS1 HD;;eSports1.de;1.000;EXACT_STRICT
15347;┃DE┃ DAS ERSTE 4K;ard.de;Das.Erste.de;1.000;EXACT_STRICT
15348;┃DE┃ ZDF 4K;zdf.de;ZDF.de;1.000;EXACT_STRICT
15349;┃DE┃ RTL 4K;rtl.de;RTL.de;1.000;EXACT_STRICT
15351;┃DE┃ SAT.1 4K;sat1.de;SAT.1.de;1.000;EXACT_STRICT
15352;┃DE┃ SAT.1 GOLD 4K;sat1gold.de;SAT.1.Gold.de;1.000;EXACT_STRICT
15353;┃DE┃ SAT.1 EMOTIONS 4K;sat1emotions.de;SAT.1.emotions.de;1.000;EXACT_STRICT
15354;┃DE┃ PROSIEBEN 4K;pro7.de;ProSieben.de;1.000;EXACT_STRICT
15355;┃DE┃ PROSIEBEN MAXX 4K;prosiebenmaxx.de;ProSieben.MAXX.de;1.000;EXACT_STRICT
15356;┃DE┃ PROSIEBEN FUN 4K;prosiebenfun.de;ProSieben.Fun.de;1.000;EXACT_STRICT
15357;┃DE┃ VOX 4K;vox.de;VOX.de;1.000;EXACT_STRICT
15358;┃DE┃ VOXUP 4K;vox.de;VOXup.de;1.000;EXACT_STRICT
15359;┃DE┃ KABEL EINS 4K;kabel1.de;kabel.eins.de;1.000;EXACT_STRICT
15360;┃DE┃ KABEL EINS DOKU 4K;kabeleinsdoku.de;kabel.eins.Doku.de;1.000;EXACT_STRICT
15361;┃DE┃ KABEL EINS CLASSICS 4K;kabeleinsclassic.de;kabel.eins.classics.de;1.000;EXACT_STRICT
15362;┃DE┃ ARTE 4K;arte.de;ARTE.de;1.000;EXACT_STRICT
15363;┃DE┃ SIXX 4K;sixx.de;sixx.de;1.000;EXACT_STRICT
15364;┃DE┃ 3SAT 4K;3sat.de;3sat.de;1.000;EXACT_STRICT
15365;┃DE┃ NTV 4K;ntv.de;ntv.de;1.000;EXACT_STRICT
15366;┃DE┃ WDR 4K;wdr.de;WDR.de;1.000;EXACT_STRICT
15367;┃DE┃ NDR 4K;ndr.de;NDR.de;1.000;EXACT_STRICT
15368;┃DE┃ TAGESSCHAU24 4K;tagesschau24.de;tagesschau24.de;1.000;EXACT_STRICT
708702;┃DE┃ PHOENIX 4K;phoenix.de;PHOENIX.de;1.000;EXACT_STRICT
15369;┃DE┃ ARD-ALPHA 4K;ardalpha.de;ARD.alpha.de;1.000;EXACT_STRICT
15370;┃DE┃ RTL CRIME 4K;rtlcrime.de;RTL.Crime.de;1.000;EXACT_STRICT
15371;┃DE┃ RTL UP 4K;rtlplus.de;RTLup.de;1.000;EXACT_STRICT
15372;┃DE┃ NITRO 4K;rtlnitro.de;NITRO.de;1.000;EXACT_STRICT
15373;┃DE┃ RTL LIVING 4K;rtlliving.de;RTL.Living.de;1.000;EXACT_STRICT
15374;┃DE┃ ZDF NEO 4K;zdfneo.de;ZDFneo.de;1.000;EXACT_STRICT
15375;┃DE┃ ZDF INFO 4K;zdfinfo.de;ZDFinfo.de;1.000;EXACT_STRICT
15376;┃DE┃ DMAX 4K;dmax.de;DMAX.de;1.000;EXACT_STRICT
15377;┃DE┃ TELE 5 4K;tele5.de;Tele.5.de;1.000;EXACT_STRICT
15379;┃DE┃ WELT 4K;welt.de;WELT.de;1.000;EXACT_STRICT
221950;┃DE┃ ONE 4K;one.de;ONE.de;1.000;EXACT_STRICT
15380;┃DE┃ MDR 4K;mdr.de;MDR.de;1.000;EXACT_STRICT
15382;┃DE┃ NICK 4K;nickelodeon.de;nick.de;1.000;EXACT_STRICT
15383;┃DE┃ DISNEY CHANNEL 4K;disneychannel.de;Disney.Channel.de;1.000;EXACT_STRICT
15384;┃DE┃ CARTOON NETWORK 4K;cartoonnetwork.de;Cartoon.Network.de;1.000;EXACT_STRICT
15385;┃DE┃ CARTOONITO 4K;boomerang.de;Cartoonito.de;1.000;EXACT_STRICT
15387;┃DE┃ KIKA 4K;kika.de;KIKA.de;1.000;EXACT_STRICT
15403;┃DE┃ SKY ONE 4K;sky1.de;Sky.One.de;1.000;EXACT_STRICT
15404;┃DE┃ SKY CINEMA PREMIEREN 4K;skycinemapremieren.de;Sky.Cinema.Premiere.HD.de;0.971;FUZZY_STRICT
15406;┃DE┃ SKY CINEMA ACTION 4K;skycinemaaction.de;Sky.Cinema.Action.HD.de;1.000;EXACT_STRICT
15409;┃DE┃ SKY CINEMA HIGHLIGHT 4K;skycinemaspecialhd.de;Sky.Cinema.Highlights.HD.de;0.973;FUZZY_STRICT
15410;┃DE┃ SKY CINEMA FAMILY 4K;skycinemafamily.de;Sky.Cinema.Family.HD.de;1.000;EXACT_STRICT
15411;┃DE┃ SKY CINEMA CLASSICS 4K;skycinemaclassics.de;Sky.Cinema.Classics.HD.de;1.000;EXACT_STRICT
15413;┃DE┃ SKY ATLANTIC 4K;skyatlantic.de;Sky.Atlantic.HD.de;1.000;EXACT_STRICT
15414;┃DE┃ SKY KRIMI 4K;skykrimi.de;Sky.Krimi.de;1.000;EXACT_STRICT
15438;┃DE┃ SKY CRIME 4K;skycrimehd.de;Sky.Crime.de;1.000;EXACT_STRICT
211881;┃DE┃ SKY SHOWCASE 4K;skyshowcasehd.de;sky.showcase.de;1.000;FUZZY_STRICT
15390;┃DE┃ MTV 4K;mtvgermany.de;MTV.de;1.000;EXACT_STRICT
15391;┃DE┃ COMEDY CENTRAL 4K;comedycentral.de;Comedy.Central.de;1.000;EXACT_STRICT
15395;┃DE┃ WARNER TV SERIE 4K;tntserie.de;Warner.TV.Serie.de;1.000;EXACT_STRICT
15393;┃DE┃ WARNER TV FILM 4K;tntfilm.de;Warner.TV.Film.de;1.000;EXACT_STRICT
15394;┃DE┃ WARNER TV COMEDY 4K;tntcomedy.de;Warner.TV.Comedy.de;1.000;EXACT_STRICT
15396;┃DE┃ SYFY 4K;syfy.de;SyFy.de;1.000;EXACT_STRICT
15397;┃DE┃ AXN WHITE 4K;sonyentertainmenttv.de;AXN.White.de;1.000;EXACT_STRICT
15398;┃DE┃ AXN BLACK 4K;sonyaxn.de;AXN.Black.de;1.000;EXACT_STRICT
15401;┃DE┃ ROMANCE TV 4K;romance.de;Romance.TV.de;1.000;EXACT_STRICT
15428;┃DE┃ NAT GEO 4K;natgeo.de;Nat.Geo.HD.de;1.000;EXACT_STRICT
15429;┃DE┃ NAT GEO WILD 4K;natgeowild.de;NAT.GEO.WILD.de;1.000;EXACT_STRICT
15430;┃DE┃ DISCOVERY 4K;discoverychannel.de;Discovery.HD.de;1.000;EXACT_STRICT
15431;┃DE┃ CRIME+ INVESTIGATION 4K;crimeplusinvestigation.de;CRIME.+.INVESTIGATION.de;1.000;EXACT_STRICT
15433;┃DE┃ TLC 4K;tlc.de;TLC.de;1.000;EXACT_STRICT
15437;┃DE┃ SPIEGEL GESCHICHTE 4K;spiegelgeschichte.de;Spiegel.Geschichte.de;1.000;EXACT_STRICT
221952;┃DE┃ BON GUSTO 4K;bongusto.de;Bon.Gusto.de;1.000;EXACT_STRICT
15419;┃DE┃ EUROSPORT 1 4K;;Eurosport.1.de;1.000;EXACT_STRICT
15420;┃DE┃ EUROSPORT 2 4K;;Eurosport.2.de;1.000;EXACT_STRICT
15423;┃DE┃ SPORT DIGITAL FUSSBALL 4K;;sportdigital.Fussball.de;1.000;EXACT_STRICT
15421;┃DE┃ SPORT 1 4K;;SPORT1.de;1.000;EXACT_STRICT
15424;┃DE┃ MOTORVISION TV 4K;;Motorvision.TV.de;1.000;EXACT_STRICT
1168940;┃UK┃ BBC 1 HD;bbc1.uk;BBC.One.Lon.HD.uk;1.000;RULE_BBC_TV
1168971;┃UK┃ BBC 2 HD;bbc2.uk;BBC.Two.HD.uk;1.000;RULE_BBC_TV
1168943;┃UK┃ ITV 1 HD;itv1anglia.uk;ITV1.HD.uk;1.000;EXACT_STRICT
1168944;┃UK┃ ITV 2 HD;itv2.uk;ITV2.HD.uk;1.000;EXACT_STRICT
1168945;┃UK┃ ITV 3 HD;itv3.uk;ITV3.HD.uk;1.000;EXACT_STRICT
1168946;┃UK┃ ITV 4 HD;itv4.uk;ITV4.HD.uk;1.000;EXACT_STRICT
1168948;┃UK┃ ITV 1 +1;itv1angliaplus1.uk;ITV1+1.uk;1.000;EXACT_STRICT
1168949;┃UK┃ ITV 2 +1;itv2plus1.uk;ITV2+1.uk;1.000;EXACT_STRICT
1168950;┃UK┃ - ITV3 +1;itv3plus1.uk;ITV3+1.uk;1.000;EXACT_STRICT
1168951;┃UK┃ ITV 4 +1;itv4plus1.uk;ITV4+1.uk;1.000;EXACT_STRICT
1168952;┃UK┃ CITV;;CITV.uk;1.000;EXACT_STRICT
1168953;┃UK┃ CHANNEL 4 HD;channel4.uk;Channel.4.HD.uk;1.000;EXACT_STRICT
1168954;┃UK┃ CHANNEL 4 +1;channel4plus1.uk;Channel.4+1.uk;1.000;EXACT_STRICT
1168955;┃UK┃ CHANNEL 5 HD;channel5.uk;Channel.5.uk;1.000;FUZZY_STRICT
1168956;┃UK┃ CHANNEL 5 +1;channel5plus1.uk;Channel.5+1.uk;1.000;EXACT_STRICT
1168957;┃UK┃ E4 HD;e4.uk;E4.HD.uk;1.000;EXACT_STRICT
1168958;┃UK┃- E4 +1;e4plus1.uk;E4+1.uk;1.000;EXACT_STRICT
1168959;┃UK┃ MORE 4 HD;more4.uk;More4.HD.uk;1.000;EXACT_STRICT
1168960;┃UK┃- MORE4 +1;more4plus1.uk;More4+1.uk;1.000;EXACT_STRICT
1168961;┃UK┃ 4 SEVEN;4seven.uk;4seven.uk;1.000;EXACT_STRICT
1168962;┃UK┃ CBBC HD;cbbc.uk;CBBC.HD.uk;1.000;EXACT_STRICT
1168963;┃UK┃ U&ALIBI HD;alibi.uk;U.and.alibi.HD.uk;1.000;EXACT_STRICT
1168966;┃UK┃ STV NORTH;stvnorth.uk;STV.North.uk;1.000;EXACT_STRICT
1168968;┃UK┃ UTV HD;utv.uk;UTV.uk;1.000;EXACT_STRICT
1168969;┃UK┃ FOOD NETWORK;foodnetwork.uk;Food.Network.uk;1.000;EXACT_STRICT
1168970;┃UK┃ FOOD NETWORK +1;foodnetworkplus1.uk;Food.Netwrk+1.uk;0.960;FUZZY_STRICT
394415;┃UK┃ BBC 1 FHD;bbc1.uk;BBC.One.Lon.HD.uk;1.000;RULE_BBC_TV
394413;┃UK┃ BBC 2 FHD;bbc2.uk;BBC.Two.HD.uk;1.000;RULE_BBC_TV
394403;┃UK┃ ITV 1 FHD;itv1anglia.uk;ITV1.HD.uk;1.000;EXACT_STRICT
394401;┃UK┃ ITV 2 FHD;itv2.uk;ITV2.HD.uk;1.000;EXACT_STRICT
394399;┃UK┃ ITV 3 FHD;itv3.uk;ITV3.HD.uk;1.000;EXACT_STRICT
394397;┃UK┃ ITV 4 FHD;itv4.uk;ITV4.HD.uk;1.000;EXACT_STRICT
823719;┃UK┃ CHANNEL 4 FHD;channel4.uk;Channel.4.HD.uk;1.000;EXACT_STRICT
823718;┃UK┃ CHANNEL 5 FHD;channel5.uk;Channel.5.uk;1.000;FUZZY_STRICT
823717;┃UK┃ E4 FHD;e4.uk;E4.HD.uk;1.000;EXACT_STRICT
1168973;┃UK┃ MORE 4 FHD;more4.uk;More4.HD.uk;1.000;EXACT_STRICT
823715;┃UK┃ 4 SEVEN FHD;4seven.uk;4seven.uk;1.000;EXACT_STRICT
823721;┃UK┃ CBBC FHD;cbbc.uk;CBBC.HD.uk;1.000;EXACT_STRICT
823716;┃UK┃ U&ALIBI FHD;alibi.uk;U.and.alibi.HD.uk;1.000;EXACT_STRICT
1168974;┃UK┃ UTV FHD;utv.uk;UTV.uk;1.000;EXACT_STRICT
1168980;┃UK┃ BBC 1 HEVC HD;bbc1.uk;BBC.One.Lon.HD.uk;1.000;RULE_BBC_TV
1168981;┃UK┃ BBC 2 HEVC HD;bbc2.uk;BBC.Two.HD.uk;1.000;RULE_BBC_TV
1168985;┃UK┃ ITV 1 HEVC HD;itv1anglia.uk;ITV1.HD.uk;1.000;EXACT_STRICT
1168982;┃UK┃ ITV 2 HEVC HD;itv2.uk;ITV2.HD.uk;1.000;EXACT_STRICT
1168983;┃UK┃ ITV 3 HEVC HD;itv3.uk;ITV3.HD.uk;1.000;EXACT_STRICT
1168984;┃UK┃ ITV 4 HEVC HD;itv4.uk;ITV4.HD.uk;1.000;EXACT_STRICT
1168986;┃UK┃ CHANNEL 4 HEVC HD;channel4.uk;Channel.4.HD.uk;1.000;EXACT_STRICT
1168987;┃UK┃ CHANNEL 5 HEVC HD;channel5.uk;Channel.5.uk;1.000;FUZZY_STRICT
1168988;┃UK┃ E4 HEVC HD;e4.uk;E4.HD.uk;1.000;EXACT_STRICT
1168989;┃UK┃ MORE 4 HEVC HD;more4.uk;More4.HD.uk;1.000;EXACT_STRICT
1168990;┃UK┃ U&ALIBI HEVC HD;alibi.uk;U.and.alibi.HD.uk;1.000;EXACT_STRICT
1169062;┃UK┃ BBC 1 HEVC FHD;bbc1.uk;BBC.One.Lon.HD.uk;1.000;RULE_BBC_TV
1169063;┃UK┃ BBC 2 HEVC FHD;bbc2.uk;BBC.Two.HD.uk;1.000;RULE_BBC_TV
1169067;┃UK┃ ITV 1 HEVC FHD;itv1anglia.uk;ITV1.HD.uk;1.000;EXACT_STRICT
1169064;┃UK┃ ITV 2 HEVC FHD;itv2.uk;ITV2.HD.uk;1.000;EXACT_STRICT
1169065;┃UK┃ ITV 3 HEVC FHD;itv3.uk;ITV3.HD.uk;1.000;EXACT_STRICT
1169066;┃UK┃ ITV 4 HEVC FHD;itv4.uk;ITV4.HD.uk;1.000;EXACT_STRICT
1169068;┃UK┃ CHANNEL 4 HEVC FHD;channel4.uk;Channel.4.HD.uk;1.000;EXACT_STRICT
1169069;┃UK┃ CHANNEL 5 HEVC FHD;channel5.uk;Channel.5.uk;1.000;FUZZY_STRICT
1169070;┃UK┃ E4 HEVC FHD;e4.uk;E4.HD.uk;1.000;EXACT_STRICT
1169071;┃UK┃ MORE 4 HEVC FHD;more4.uk;More4.HD.uk;1.000;EXACT_STRICT
1169072;┃UK┃ U&ALIBI HEVC FHD;alibi.uk;U.and.alibi.HD.uk;1.000;EXACT_STRICT
823745;┃UK┃ BBC NEWS HD;bbcnews.uk;BBC.NEWS.HD.uk;1.000;EXACT_STRICT
823743;┃UK┃ BBC PARLIAMENT HD;bbcparliament.uk;BBC.Parliament.HD.uk;1.000;EXACT_STRICT
823742;┃UK┃ SKY NEWS HD;skynews.uk;Sky.News.HD.uk;1.000;EXACT_STRICT
823741;┃UK┃ GB NEWS HD;gbnews.uk;GB.News.HD.uk;1.000;EXACT_STRICT
823739;┃UK┃ EURONEWS;euronews.uk;Euronews.uk;1.000;EXACT_STRICT
823738;┃UK┃ ARISE NEWS HD;arisenews.uk;Arise.News.uk;1.000;EXACT_STRICT
823735;┃UK┃ CNN HD;cnn.uk;CNN.HD.uk;1.000;FUZZY_STRICT
823734;┃UK┃ CNBC HD;cnbc.uk;CNBC.HD.uk;1.000;FUZZY_STRICT
823732;┃UK┃ TVC NEWS;tvcnews.uk;TVC.News.uk;1.000;EXACT_STRICT
823729;┃UK┃ BLOOMBERG HD;bloombergtv.uk;Bloomberg.HD.uk;1.000;EXACT_STRICT
823727;┃UK┃ TRT WORLD HD;trtworld.uk;TRT.World.HD.uk;1.000;FUZZY_STRICT
823724;┃UK┃ NHK WORLD HD;nhkworldhd.uk;NHK.World.HD.uk;1.000;EXACT_STRICT
828033;┃UK┃ DUNYA NEWS;dunyanews.uk;Dunya.News.uk;1.000;EXACT_STRICT
828032;┃UK┃ 92 NEWS;92news.uk;92.News.uk;1.000;EXACT_STRICT
823723;┃UK┃ TALK TV HD;talktv.uk;TalkTV.HD.uk;1.000;EXACT_STRICT
1169075;┃UK┃ CRUISE 1ST TV;cruise1st.tv.uk;Cruise1st.tv.uk;1.000;EXACT_STRICT
1169077;┃UK┃ BBC NEWS FHD;bbcnews.uk;BBC.NEWS.HD.uk;1.000;EXACT_STRICT
1169078;┃UK┃ BBC PARLIAMENT FHD;bbcparliament.uk;BBC.Parliament.HD.uk;1.000;EXACT_STRICT
1169079;┃UK┃ SKY NEWS FHD;skynews.uk;Sky.News.HD.uk;1.000;EXACT_STRICT
1169080;┃UK┃ GB NEWS FHD;;GB.News.HD.uk;1.000;EXACT_STRICT
1169082;┃UK┃ CNN FHD;cnn.uk;CNN.HD.uk;1.000;FUZZY_STRICT
1169083;┃UK┃ CNBC FHD;cnbc.uk;CNBC.HD.uk;1.000;FUZZY_STRICT
1169084;┃UK┃ BLOOMBERG FHD;bloombergtv.uk;Bloomberg.HD.uk;1.000;EXACT_STRICT
1169085;┃UK┃ TRT WORLD FHD;trtworld.uk;TRT.World.HD.uk;1.000;FUZZY_STRICT
1169086;┃UK┃ SKY NEWS ARABIA FHD;skynews.uk;SkyNewsArabia.uk;1.000;EXACT_STRICT
823751;┃UK┃ SKY KIDS HD;skykids.uk;Sky.Kids.HD.uk;1.000;EXACT_STRICT
823763;┃UK┃ NICKELODEON +1 HD;nickelodeonplus1.uk;Nickelodeon+1.uk;1.000;EXACT_STRICT
823761;┃UK┃ NICK.JR HD;nickjunior.uk;Nick.Jr..HD.uk;1.000;EXACT_STRICT
823760;┃UK┃ NICK.JR +1 HD;nickjuniorplus1.uk;Nick.Jr+1.uk;1.000;EXACT_STRICT
823762;┃UK┃ NICK TOONS HD;nicktoons.uk;Nicktoons.uk;1.000;EXACT_STRICT
823756;┃UK┃ CARTOON NETWORK HD;cartoonnetwork.uk;Cartoon.Netwrk.uk;0.963;FUZZY_STRICT
823754;┃UK┃ BOOMERANG HD;boomerang.uk;Boomerang.HD.uk;1.000;EXACT_STRICT
823753;┃UK┃ BOOMERANG +1;boomerangplus1.uk;Boomerang+1.uk;1.000;EXACT_STRICT
823750;┃UK┃ BABY TV HD;babytv.uk;BabyTV.uk;1.000;EXACT_STRICT
823749;┃UK┃ POP HD;pop.uk;POP.uk;1.000;EXACT_STRICT
823748;┃UK┃ POP +1 HD;popplus1.uk;POP+1.uk;1.000;EXACT_STRICT
823747;┃UK┃ TINY POP HD;tinypop.uk;Tiny.Pop.uk;1.000;EXACT_STRICT
823746;┃UK┃ TINY POP +1;;Tiny.Pop+1.uk;1.000;EXACT_STRICT
1169090;┃UK┃ SKY KIDS FHD;skykids.uk;Sky.Kids.HD.uk;1.000;EXACT_STRICT
1169092;┃UK┃ NICK.JR FHD;nickjunior.uk;Nick.Jr..HD.uk;1.000;EXACT_STRICT
1169093;┃UK┃ CARTOON NETWORK FHD;cartoonnetwork.uk;Cartoon.Netwrk.uk;0.963;FUZZY_STRICT
1169094;┃UK┃ BOOMERANG FHD;boomerang.uk;Boomerang.HD.uk;1.000;EXACT_STRICT
1169096;┃UK┃ SKY KIDS HEVC HD;skykids.uk;Sky.Kids.HD.uk;1.000;EXACT_STRICT
1169098;┃UK┃ NICK.JR HEVC HD;nickjunior.uk;Nick.Jr..HD.uk;1.000;EXACT_STRICT
1169099;┃UK┃ CARTOON NETWORK HEVC HD;cartoonnetwork.uk;Cartoon.Netwrk.uk;0.963;FUZZY_STRICT
1169100;┃UK┃ BOOMERANG HEVC HD;boomerang.uk;Boomerang.HD.uk;1.000;EXACT_STRICT
1169102;┃UK┃ SKY KIDS HEVC FHD;skykids.uk;Sky.Kids.HD.uk;1.000;EXACT_STRICT
1169104;┃UK┃ NICK.JR HEVC FHD;nickjunior.uk;Nick.Jr..HD.uk;1.000;EXACT_STRICT
1169105;┃UK┃ CARTOON NETWORK HEVC FHD;cartoonnetwork.uk;Cartoon.Netwrk.uk;0.963;FUZZY_STRICT
1169106;┃UK┃ BOOMERANG HEVC FHD;boomerang.uk;Boomerang.HD.uk;1.000;EXACT_STRICT
823804;┃UK┃ SKY CINEMA SELECT HD;skyselect.uk;Sky.Cinema.Select.uk;1.000;EXACT_STRICT
823801;┃UK┃ SKY CINEMA COMEDY HD;skycomedy.uk;Sky.Cinema.Comedy.uk;1.000;EXACT_STRICT
823797;┃UK┃ SKY CINEMA HITS HD;skyhits.uk;Sky.Cinema.Hits.HD.uk;1.000;EXACT_STRICT
823794;┃UK┃ SKY COMEDY HD;skycomedy.uk;Sky.Comedy.HD.uk;1.000;EXACT_STRICT
823793;┃UK┃ SKY ATLANTIC HD;skyatlantic.uk;Sky.Atlantic.HD.uk;1.000;EXACT_STRICT
1169112;┃UK┃ SKY WITNESS HD;skywitness.uk;Sky.Witness.HD.uk;1.000;EXACT_STRICT
1170556;┃UK┃ SKY REPLAY;skyreplay.uk;Sky.Replay.uk;1.000;EXACT_STRICT
823788;┃UK┃ FILM 4 HD;film4.uk;Film4.HD.uk;1.000;EXACT_STRICT
823787;┃UK┃ FILM 4 +1;film4plus1.uk;Film4+1.uk;1.000;EXACT_STRICT
823786;┃UK┃ 5 ACTION;5action.uk;5ACTION.uk;1.000;EXACT_STRICT
823785;┃UK┃ 5 SELECT;5select.uk;5SELECT.uk;1.000;EXACT_STRICT
823784;┃UK┃ 5 USA;fiveusa.uk;5.USA.uk;1.000;EXACT_STRICT
823783;┃UK┃ 5 USA +1;fiveusaplus1.uk;5USA+1.uk;1.000;EXACT_STRICT
823782;┃UK┃ TALKING PICTURES;talkingpictures.uk;TalkingPictures.uk;1.000;EXACT_STRICT
823781;┃UK┃ GREAT TV;greattv.uk;GREAT!.tv.uk;1.000;EXACT_STRICT
823780;┃UK┃ GREAT TV +1;greattvplus1.uk;GREAT!.tv+1.uk;1.000;EXACT_STRICT
823779;┃UK┃ GREAT MOVIES;greatmovies.uk;GREAT!.movies.uk;1.000;EXACT_STRICT
823778;┃UK┃ GREAT MOVIES +1;greatmoviessplus1.uk;GREAT!.movies+1.uk;1.000;EXACT_STRICT
823777;┃UK┃ GREAT ACTION;greataction.uk;GREAT!.action.uk;1.000;EXACT_STRICT
823776;┃UK┃ GREAT ACTION +1;greatactionplus1.uk;GREAT!action+1.uk;1.000;EXACT_STRICT
823775;┃UK┃ GREAT ROMANACE;;GREAT!.romance.uk;0.960;FUZZY_STRICT
823773;┃UK┃ LEGEND;legend.uk;Legend.uk;1.000;EXACT_STRICT
823772;┃UK┃ LEGEND XTRA;legendxtra.uk;Legend.Xtra.uk;1.000;EXACT_STRICT
823771;┃UK┃ LEGEND XTRA +1;legendxtra.uk;Legend.Xtra+1.uk;1.000;EXACT_STRICT
823770;┃UK┃ THAT'S TV;thatstv.uk;Thats.TV.uk;1.000;EXACT_STRICT
823769;┃UK┃ THAT'S TV 2;thatstv2.uk;Thats.TV.2.uk;1.000;EXACT_STRICT
823768;┃UK┃ MOVIES 24;movies24.uk;Movies24.uk;1.000;EXACT_STRICT
1169110;┃UK┃ SONY TV HD;sonytv.uk;SONY.TV.HD.uk;1.000;EXACT_STRICT
1169111;┃UK┃ SONY MAX HD;sonymax.uk;SONY.MAX.HD.uk;1.000;EXACT_STRICT
1169115;┃UK┃ SKY CINEMA SELECT FHD;skyselect.uk;Sky.Cinema.Select.uk;1.000;EXACT_STRICT
1169118;┃UK┃ SKY CINEMA COMEDY FHD;skycinemacomedy.uk;Sky.Cinema.Comedy.uk;1.000;EXACT_STRICT
1169122;┃UK┃ SKY CINEMA HITS FHD;skyhits.uk;Sky.Cinema.Hits.HD.uk;1.000;EXACT_STRICT
1169125;┃UK┃ SKY COMEDY FHD;skycomedy.uk;Sky.Comedy.HD.uk;1.000;EXACT_STRICT
1169126;┃UK┃ SKY ATLANIC FHD;skyatlantic.uk;Sky.Atlantic.HD.uk;0.952;FUZZY_STRICT
1169128;┃UK┃ SKY WITNESS FHD;skywitness.uk;Sky.Witness.HD.uk;1.000;EXACT_STRICT
1169132;┃UK┃ FILM 4 FHD;film4.uk;Film4.HD.uk;1.000;EXACT_STRICT
1169170;┃UK┃ SKY CINEMA SELECT HEVC HD;skyselect.uk;Sky.Cinema.Select.uk;1.000;EXACT_STRICT
1169173;┃UK┃ SKY CINEMA COMEDY HEVC HD;skycinemacomedy.uk;Sky.Cinema.Comedy.uk;1.000;EXACT_STRICT
1169177;┃UK┃ SKY CINEMA HITS HEVC HD;skyhits.uk;Sky.Cinema.Hits.HD.uk;1.000;EXACT_STRICT
1169180;┃UK┃ SKY COMEDY HEVC HD;skycomedy.uk;Sky.Comedy.HD.uk;1.000;EXACT_STRICT
1169181;┃UK┃ SKY ATLANTIC HEVC HD;skyatlantic.uk;Sky.Atlantic.HD.uk;1.000;EXACT_STRICT
1169183;┃UK┃ SKY WITNESS HEVC HD;skywitness.uk;Sky.Witness.HD.uk;1.000;EXACT_STRICT
1169186;┃UK┃ FILM 4 HEVC HD;film4.uk;Film4.HD.uk;1.000;EXACT_STRICT
1169189;┃UK┃ SKY CINEMA SELECT HEVC FHD;skyselect.uk;Sky.Cinema.Select.uk;1.000;EXACT_STRICT
1169192;┃UK┃ SKY CINEMA COMEDY HEVC FHD;skycinemacomedy.uk;Sky.Cinema.Comedy.uk;1.000;EXACT_STRICT
1169196;┃UK┃ SKY CINEMA HITS HEVC FHD;skyhits.uk;Sky.Cinema.Hits.HD.uk;1.000;EXACT_STRICT
1169199;┃UK┃ SKY COMEDY HEVC FHD;skycomedy.uk;Sky.Comedy.HD.uk;1.000;EXACT_STRICT
1169201;┃UK┃ SKY ATLANTIC HEVC FHD;skyatlantic.uk;Sky.Atlantic.HD.uk;1.000;EXACT_STRICT
1169200;┃UK┃ SKY WITNESS HEVC FHD;skywitness.uk;Sky.Witness.HD.uk;1.000;EXACT_STRICT
1169205;┃UK┃ FILM 4 HEVC FHD;film4.uk;Film4.HD.uk;1.000;EXACT_STRICT
1170577;┃UK┃ SKY ARTS HD;skyarts.uk;Sky.Arts.HD.uk;1.000;EXACT_STRICT
1170576;┃UK┃ SKY ARTS;skyarts.uk;Sky.Arts.HD.uk;1.000;EXACT_STRICT
1170580;┃UK┃ COMEDY CENTRAL HD;comedycentral.uk;ComedyCentral.uk;1.000;EXACT_STRICT
1170581;┃UK┃ COMEDY CENTRAL;comedycentral.uk;ComedyCentral.uk;1.000;EXACT_STRICT
1170625;┃UK┃ MTV HD;mtv.uk;MTV.HD.uk;1.000;EXACT_STRICT
1170626;┃UK┃ MTV;mtv.uk;MTV.HD.uk;1.000;EXACT_STRICT
1170585;┃UK┃ DMAX;discoverydmax.uk;DMAX.uk;1.000;EXACT_STRICT
1170586;┃UK┃ DMAX +1;discoverydmaxplus1.uk;DMAX+1.uk;1.000;EXACT_STRICT
1170603;┃UK┃ TRUE CRIME;truecrime.uk;True.Crime.uk;1.000;EXACT_STRICT
1170605;┃UK┃ TRUE CRIME +1;truecrimeplus1.uk;True.Crime.+1.uk;1.000;EXACT_STRICT
1170604;┃UK┃ TRUE CRIME XTRA;truecrimex.uk;True.Crime.Xtra.uk;1.000;EXACT_STRICT
1170601;┃UK┃ 5 STAR;5star.uk;5STAR.uk;1.000;EXACT_STRICT
1170602;┃UK┃ 5 STAR +1;5starplus1.uk;5STAR+1.uk;1.000;EXACT_STRICT
1170611;┃UK┃ 5 ACTION;5action.uk;5ACTION.uk;1.000;EXACT_STRICT
1170569;┃UK┃ U&DAVE HD;dave.uk;U.and.Dave.HD.uk;1.000;EXACT_STRICT
1170570;┃UK┃ U&DAVE;dave.uk;U.and.Dave.HD.uk;1.000;EXACT_STRICT
1170584;┃UK┃ U&DAVEJAVU;davejavu.uk;U.and.Dave.ja.vu.uk;1.000;EXACT_STRICT
1170567;┃UK┃ U&GOLD HD;gold.uk;U.and.GOLD.HD.uk;1.000;EXACT_STRICT
1170568;┃UK┃ U&GOLD +1;goldplus1.uk;U.and.GOLD+1.uk;1.000;EXACT_STRICT
1170587;┃UK┃ U&DRAMA;drama.uk;U.and.Drama.uk;1.000;EXACT_STRICT
1170588;┃UK┃ U&DRAMA +1;dramaplus1.uk;U.and.Drama+1.uk;1.000;FUZZY_STRICT
1170565;┃UK┃ U&EDEN;eden.uk;U.and.Eden.uk;1.000;EXACT_STRICT
1170566;┃UK┃ U&EDEN +1;edenplus1.uk;U.and.Eden+1.uk;1.000;EXACT_STRICT
1170592;┃UK┃ U&YESTERDAY;yesterday.uk;U.and.YESTERDAY.uk;1.000;EXACT_STRICT
1170593;┃UK┃ U&YESTERDAY +1;yesterdayplus1.uk;U.and.YESTERDAY+1.uk;1.000;EXACT_STRICT
1170591;┃UK┃ U&W;w.uk;U.and.W.HD.uk;1.000;EXACT_STRICT
1170618;┃UK┃ GREAT TV;greattv.uk;GREAT!.tv.uk;1.000;EXACT_STRICT
1170620;┃UK┃ GREAT MOVIES;greatmovies.uk;GREAT!.movies.uk;1.000;EXACT_STRICT
1170619;┃UK┃ GREAT ACTION;greataction.uk;GREAT!.action.uk;1.000;EXACT_STRICT
1170590;┃UK┃ REALLY;really.uk;Really.uk;1.000;EXACT_STRICT
1170608;┃UK┃ TJC;;TJC.uk;1.000;FUZZY_STRICT
1170614;┃UK┃ TOGETHER;together.uk;Together.uk;1.000;EXACT_STRICT
1170609;┃UK┃ TV WAREHOUSE;tvwarehouse.uk;TV.Warehouse.uk;1.000;EXACT_STRICT
1170589;┃UK┃ PBS AMERICA;pbsamerica.uk;PBS.America.uk;1.000;EXACT_STRICT
1170606;┃UK┃ BEST DIRECT;bestdirect.uk;Best.Direct.uk;1.000;EXACT_STRICT
1170582;┃UK┃ BLAZE;blaze.uk;BLAZE.uk;1.000;EXACT_STRICT
1170583;┃UK┃ CHALLENGE;challenge.uk;Challenge.uk;1.000;EXACT_STRICT
1170612;┃UK┃ COURT TV;courttv.uk;Court.TV.uk;1.000;EXACT_STRICT
1170599;┃UK┃ DAYSTAR;daystar.uk;DAYSTAR.HD.uk;1.000;EXACT_STRICT
1170623;┃UK┃ EMAN CHANNEL;emanchannel.uk;Eman.Channel.uk;1.000;EXACT_STRICT
1170624;┃UK┃ FAITH WORLD TV;;Faith.World.TV.uk;1.000;EXACT_STRICT
1170607;┃UK┃ GEMS TV;gemstv.uk;Gems.TV.uk;1.000;EXACT_STRICT
1170622;┃UK┃ GOD CHANNEL;godchannel.uk;GOD.Channel.uk;1.000;EXACT_STRICT
1170615;┃UK┃ HIGH STREET TV 1;highstreettv1.uk;High.Street.TV.1.uk;1.000;EXACT_STRICT
1170616;┃UK┃ HIGH STREET TV 2;highstreettv2.uk;High.Street.TV.2.uk;1.000;EXACT_STRICT
1170617;┃UK┃ HIGH STREET TV 3;highstreettv3.uk;High.Street.TV.3.uk;1.000;EXACT_STRICT
1170621;┃UK┃ HOBBYMAKER;;HobbyMaker.uk;1.000;EXACT_STRICT
1170613;┃UK┃ IDEAL WORLD;;Ideal.World.HD.uk;1.000;EXACT_STRICT
1170571;┃UK┃ QUEST;quest.uk;QUEST.uk;1.000;FUZZY_STRICT
1170573;┃UK┃ QUEST +1;questplus1.uk;QUEST+1.uk;1.000;EXACT_STRICT
1170572;┃UK┃ QUEST HD;quest.uk;QUEST.uk;1.000;FUZZY_STRICT
1170574;┃UK┃ QUEST RED;questred.uk;Quest.Red.uk;1.000;EXACT_STRICT
1170575;┃UK┃ QUEST RED +1;questredplus1.uk;Quest.Red+1.uk;1.000;EXACT_STRICT
1170595;┃UK┃ QVC;qvc.uk;QVC.HD.uk;1.000;EXACT_STRICT
1170596;┃UK┃ QVC BEAUTY;qvcbeauty.uk;QVC.Beauty.uk;1.000;EXACT_STRICT
1170597;┃UK┃ QVC EXTRA;qvcextra.uk;QVC.Extra.uk;1.000;EXACT_STRICT
1170598;┃UK┃ QVC STYLE;qvcstyle.uk;QVC.Style.HD.uk;1.000;EXACT_STRICT
1170643;┃UK┃ SKY ARTS HEVC HD;skyarts.uk;Sky.Arts.HD.uk;1.000;EXACT_STRICT
1170641;┃UK┃ COMEDY CENTRAL HEVC HD;comedycentral.uk;ComedyCentral.uk;1.000;EXACT_STRICT
1170640;┃UK┃ MTV HEVC HD;mtv.uk;MTV.HD.uk;1.000;EXACT_STRICT
1170644;┃UK┃ U&DAVE HEVC HD;dave.uk;U.and.Dave.HD.uk;1.000;EXACT_STRICT
1170645;┃UK┃ U&GOLD HEVC HD;gold.uk;U.and.GOLD.HD.uk;1.000;EXACT_STRICT
1170649;┃UK┃ SKY ARTS HEVC FHD;skyarts.uk;Sky.Arts.HD.uk;1.000;EXACT_STRICT
1170651;┃UK┃ COMEDY CENTRAL HEVC FHD;comedycentral.uk;ComedyCentral.uk;1.000;EXACT_STRICT
1170652;┃UK┃ MTV HEVC FHD;mtv.uk;MTV.HD.uk;1.000;EXACT_STRICT
1170648;┃UK┃ U&DAVE HEVC FHD;dave.uk;U.and.Dave.HD.uk;1.000;EXACT_STRICT
1170647;┃UK┃ U&GOLD HEVC FHD;gold.uk;U.and.GOLD.HD.uk;1.000;EXACT_STRICT
1170665;☰☰☰☰ ┃UK┃ DISCOVERY+ ☰☰☰☰;4seven.uk;Discovery.HD.uk;0.947;FUZZY_STRICT
1170671;┃UK┃ ANIMAL PLANET;animalplanet.uk;Animal.Planet.uk;1.000;EXACT_STRICT
1170672;┃UK┃ DMAX;discoverydmax.uk;DMAX.uk;1.000;EXACT_STRICT
1170673;┃UK┃ FOOD NETWORK;foodnetwork.uk;Food.Network.uk;1.000;EXACT_STRICT
1170674;┃UK┃ HGTV;hgtv.uk;HGTV.uk;1.000;EXACT_STRICT
1170676;┃UK┃ QUEST;quest.uk;QUEST.uk;1.000;FUZZY_STRICT
1170677;┃UK┃ QUEST RED;questred.uk;Quest.Red.uk;1.000;EXACT_STRICT
1170678;┃UK┃ REALLY;really.uk;Really.uk;1.000;EXACT_STRICT
1170675;┃UK┃ TLC;tlc.uk;TLC.HD.uk;1.000;EXACT_STRICT
1172134;┃UK┃ SKY DOCUMENTARIES HD;skydocumentaries.uk;Sky.Documentaries.HD.uk;1.000;EXACT_STRICT
1172137;┃UK┃ SKY NATURE HD;skynature.uk;Sky.Nature.HD.uk;1.000;EXACT_STRICT
1172135;┃UK┃ SKY HISTORY HD;skyhistory.uk;Sky.History2.uk;0.952;FUZZY_STRICT
1172136;┃UK┃ SKY HISTORY 2 HD;skyhistory2.uk;Sky.History2.uk;1.000;EXACT_STRICT
1172138;┃UK┃ SKY CRIME HD;skycrime.uk;Sky.Crime.HD.uk;1.000;EXACT_STRICT
1172110;┃UK┃ DISCOVERY HD;discoverychannel.uk;Discovery.HD.uk;1.000;EXACT_STRICT
1172111;┃UK┃ DISCOVERY +1;discoverychannelplus1.uk;Discovery+1.uk;1.000;EXACT_STRICT
1172120;┃UK┃ NAT GEO HD;natgeo.uk;Nat.Geo.HD.uk;1.000;EXACT_STRICT
1172121;┃UK┃ NAT GEO WILD HD;natgeowild.uk;NatGeoWild.HD.uk;1.000;FUZZY_STRICT
1172125;┃UK┃ ANIMAL PLANET HD;animalplanet.uk;Animal.Planet.uk;1.000;EXACT_STRICT
1172123;┃UK┃ TLC;tlc.uk;TLC.HD.uk;1.000;EXACT_STRICT
1172124;┃UK┃ TLC +1;tlcplus1.uk;TLC+1.uk;1.000;EXACT_STRICT
1172130;┃UK┃ HGTV;hgtv.uk;HGTV.uk;1.000;EXACT_STRICT
1172131;┃UK┃ HGTV +1;hgtvplus1.uk;HGTV+1.uk;1.000;EXACT_STRICT
1172128;┃UK┃ TRAVEL XP;travelxp.uk;Travelxp.uk;1.000;EXACT_STRICT
1172132;┃UK┃ FOOD NETWORK;foodnetwork.uk;Food.Network.uk;1.000;EXACT_STRICT
1172133;┃UK┃ FOOD NETWORK +1;foodnetworkplus1.uk;Food.Netwrk+1.uk;0.960;FUZZY_STRICT
1172145;┃UK┃ SKY DOCUMENTARIES FHD;skydocumentaries.uk;Sky.Documentaries.HD.uk;1.000;EXACT_STRICT
1172147;┃UK┃ SKY NATURE FHD;skynature.uk;Sky.Nature.HD.uk;1.000;EXACT_STRICT
1172146;┃UK┃ SKY HISTORY FHD;skyhistory.uk;Sky.History2.uk;0.952;FUZZY_STRICT
1172140;┃UK┃ DISCOVERY FHD;discoverychannel.uk;Discovery.HD.uk;1.000;EXACT_STRICT
1172148;┃UK┃ SKY CRIME FHD;skycrime.uk;Sky.Crime.HD.uk;1.000;EXACT_STRICT
1172141;┃UK┃ NAT GEO FHD;natgeo.uk;Nat.Geo.HD.uk;1.000;EXACT_STRICT
1172142;┃UK┃ NAT GEO WILD FHD;natgeowild.uk;NatGeoWild.HD.uk;1.000;FUZZY_STRICT
1172144;┃UK┃ TLC FHD;tlc.uk;TLC.HD.uk;1.000;EXACT_STRICT
1172166;┃UK┃ SKY DOCUMENTARIES HEVC HD;skydocumentaries.uk;Sky.Documentaries.HD.uk;1.000;EXACT_STRICT
1172159;┃UK┃ SKY NATURE HEVC HD;skynature.uk;Sky.Nature.HD.uk;1.000;EXACT_STRICT
1172158;┃UK┃ SKY HISTORY  HEVC HD;skyhistory.uk;Sky.History2.uk;0.952;FUZZY_STRICT
1172155;┃UK┃ DISCOVERY HEVC HD;discoverychannel.uk;Discovery.HD.uk;1.000;EXACT_STRICT
1172156;┃UK┃ SKY CRIME HEVC HD;skycrime.uk;Sky.Crime.HD.uk;1.000;EXACT_STRICT
1172153;┃UK┃ NAT GEO HEVC HD;matvnational.uk;Nat.Geo.HD.uk;1.000;EXACT_STRICT
1172152;┃UK┃ NAT GEO WILD HEVC HD;natgeowild.uk;NatGeoWild.HD.uk;1.000;FUZZY_STRICT
1172167;┃UK┃ TLC HEVC HD;tlc.uk;TLC.HD.uk;1.000;EXACT_STRICT
1172163;┃UK┃ SKY DOCUMENTARIES HEVC FHD;skydocumentaries.uk;Sky.Documentaries.HD.uk;1.000;EXACT_STRICT
1172165;┃UK┃ SKY NATURE HEVC FHD;skynature.uk;Sky.Nature.HD.uk;1.000;EXACT_STRICT
1172164;┃UK┃ SKY HISTORY HEVC FHD;skyhistory.uk;Sky.History2.uk;0.952;FUZZY_STRICT
1172162;┃UK┃ SKY CRIME HEVC FHD;skycrime.uk;Sky.Crime.HD.uk;1.000;EXACT_STRICT
1172154;┃UK┃ DISCOVERY HEVC FHD;discoverychannel.uk;Discovery.HD.uk;1.000;EXACT_STRICT
1172151;┃UK┃ NAT GEO HEVC FHD;natgeo.uk;Nat.Geo.HD.uk;1.000;EXACT_STRICT
1172150;┃UK┃ NAT GEO WILD HEVC FHD;natgeowild.uk;NatGeoWild.HD.uk;1.000;FUZZY_STRICT
1172168;┃UK┃ TLC HEVC FHD;tlc.uk;TLC.HD.uk;1.000;EXACT_STRICT
827934;┃UK┃ MTV 80'S;;MTV.80s.uk;1.000;EXACT_STRICT
827930;┃UK┃ NOW 70'S;now70s.uk;NOW.70s.uk;1.000;EXACT_STRICT
827929;┃UK┃ NOW 80'S;now80s.uk;NOW.80s.uk;1.000;EXACT_STRICT
827928;┃UK┃ NOW ROCK;;Now.Rock.uk;1.000;EXACT_STRICT
828039;┃UK┃ BRIT ASIA TV;britasiatv.uk;Brit.Asia.TV.uk;1.000;EXACT_STRICT
1174213;┃UK┃ TNT SPORTS ULTIMATE 4K;tntsportsultimateuhd.uk;TNT.Sports.Ultimate.HD.uk;1.000;EXACT_STRICT
1174231;┃UK┃ TNT SPORTS 1 HEVC FHD;tntsports1.uk;TNT.Sports.1.HD.uk;1.000;EXACT_STRICT
1174232;┃UK┃ TNT SPORTS 2 HEVC FHD;tntsports2.uk;TNT.Sports.2.HD.uk;1.000;EXACT_STRICT
1174233;┃UK┃ TNT SPORTS 3 HEVC FHD;tntsports3.uk;TNT.Sports.3.HD.uk;1.000;EXACT_STRICT
1174234;┃UK┃ TNT SPORTS 4 HEVC FHD;tntsports4.uk;TNT.Sports.4.HD.uk;1.000;EXACT_STRICT
1174226;┃UK┃ TNT SPORTS 1 HEVC HD;tntsports1.uk;TNT.Sports.1.HD.uk;1.000;EXACT_STRICT
1174227;┃UK┃ TNT SPORTS 2 HEVC HD;tntsports2.uk;TNT.Sports.2.HD.uk;1.000;EXACT_STRICT
1174228;┃UK┃ TNT SPORTS 3 HEVC HD;tntsports3.uk;TNT.Sports.3.HD.uk;1.000;EXACT_STRICT
1174229;┃UK┃ TNT SPORTS 4 HEVC HD;tntsports4.uk;TNT.Sports.4.HD.uk;1.000;EXACT_STRICT
1311899;┃UK┃ TNT SPORTS 1 FHD;tntsports1.uk;TNT.Sports.1.HD.uk;1.000;EXACT_STRICT
1311900;┃UK┃ TNT SPORTS 2 FHD;tntsports2.uk;TNT.Sports.2.HD.uk;1.000;EXACT_STRICT
1311901;┃UK┃ TNT SPORTS 3 FHD;tntsports3.uk;TNT.Sports.3.HD.uk;1.000;EXACT_STRICT
1311902;┃UK┃ TNT SPORTS 4 FHD;tntsports4.uk;TNT.Sports.4.HD.uk;1.000;EXACT_STRICT
1174236;┃UK┃ TNT SPORTS 1 HD;tntsports1.uk;TNT.Sports.1.HD.uk;1.000;EXACT_STRICT
1174237;┃UK┃ TNT SPORTS 2 HD;tntsports2.uk;TNT.Sports.2.HD.uk;1.000;EXACT_STRICT
1174238;┃UK┃ TNT SPORTS 3 HD;tntsports3.uk;TNT.Sports.3.HD.uk;1.000;EXACT_STRICT
1174239;┃UK┃ TNT SPORTS 4 HD;tntsports4.uk;TNT.Sports.4.HD.uk;1.000;EXACT_STRICT
1311948;┃UK┃ TNT SPORTS 1 SD;tntsports1.uk;TNT.Sports.1.HD.uk;1.000;EXACT_STRICT
1311950;┃UK┃ TNT SPORTS 2 SD;tntsports2.uk;TNT.Sports.2.HD.uk;1.000;EXACT_STRICT
1311951;┃UK┃ TNT SPORTS 3 SD;tntsports3.uk;TNT.Sports.3.HD.uk;1.000;EXACT_STRICT
1311952;┃UK┃ TNT SPORTS 4 SD;tntsports4.uk;TNT.Sports.4.HD.uk;1.000;EXACT_STRICT
1311953;┃UK┃ TNT SPORTS 5 SD;tntsports5.uk;TNT.Sports.5.HD.uk;1.000;EXACT_STRICT
1311954;┃UK┃ TNT SPORTS 6 SD;tntsports6.uk;TNT.Sports.6.HD.uk;1.000;EXACT_STRICT
1311955;┃UK┃ TNT SPORTS 7 SD;tntsports7.uk;TNT.Sports.7.HD.uk;1.000;EXACT_STRICT
1311956;┃UK┃ TNT SPORTS 8 SD;tntsports8.uk;TNT.Sports.8.HD.uk;1.000;EXACT_STRICT
1311957;┃UK┃ TNT SPORTS 9 SD;tntsports9.uk;TNT.Sports.9.HD.uk;1.000;EXACT_STRICT
1311958;┃UK┃ TNT SPORTS 10 SD;tntsports10.uk;TNT.Sports.10.HD.uk;1.000;EXACT_STRICT
1312031;┃UK┃ SKY SPORTS FOOTBALL HEVC FHD;skysportsfootball.uk;Sky.Sports.Football.HD.uk;1.000;EXACT_STRICT
1312802;┃UK┃ RACING TV UK HEVC FHD;racinguk.uk;Racing.TV.uk;1.000;FUZZY_STRICT
1312814;┃UK┃ MUTV HEVC FHD;mutv.uk;MUTV.HD.uk;1.000;EXACT_STRICT
1312047;┃UK┃ SKY SPORTS FOOTBALL HEVC HD;skysportsfootball.uk;Sky.Sports.Football.HD.uk;1.000;EXACT_STRICT
1312803;┃UK┃ RACING TV UK HEVC HD;racinguk.uk;Racing.TV.uk;1.000;FUZZY_STRICT
1312815;┃UK┃ MUTV HEVC HD;mutv.uk;MUTV.HD.uk;1.000;EXACT_STRICT
394555;┃UK┃ SKY SPORTS FOOTBALL FHD;skysportsfootball.uk;Sky.Sports.Football.HD.uk;1.000;EXACT_STRICT
1312818;┃UK┃ RACING TV UK FHD;racinguk.uk;Racing.TV.uk;1.000;FUZZY_STRICT
1312824;┃UK┃ MUTV FHD;mutv.uk;MUTV.HD.uk;1.000;EXACT_STRICT
1312178;┃UK┃ SKY SPORTS FOOTBALL HD;skysportsfootball.uk;Sky.Sports.Football.HD.uk;1.000;EXACT_STRICT
1312829;┃UK┃ RACING TV UK HD;racinguk.uk;Racing.TV.uk;1.000;FUZZY_STRICT
1312835;┃UK┃ MUTV HD;mutv.uk;MUTV.HD.uk;1.000;EXACT_STRICT
1312240;┃UK┃ SKY SPORTS FOOTBALL SD;skysportsfootball.uk;Sky.Sports.Football.HD.uk;1.000;EXACT_STRICT
1312837;┃UK┃ RACING TV UK SD;racinguk.uk;Racing.TV.uk;1.000;FUZZY_STRICT
1312843;┃UK┃ MUTV SD;mutv.uk;MUTV.HD.uk;1.000;EXACT_STRICT
1312729;┃UK┃ PREMIER SPORTS 1 FHD (UK);premiersports1.uk;Premier.Sports.1.HD.uk;1.000;EXACT_STRICT
1312730;┃UK┃ PREMIER SPORTS 2 FHD (UK);premiersports2.uk;Premier.Sports.2.HD.uk;1.000;EXACT_STRICT
1172385;☰☰☰☰ ┃UK┃ TNT SPORTS BOX OFFICE ☰☰☰☰;;TNT.Sports.Box.Office.uk;1.000;EXACT_STRICT
1172358;┃UK┃ TNT SPORTS BOX OFFICE FHD HEVC |;;TNT.Sports.Box.Office.uk;1.000;EXACT_STRICT
1172361;┃UK┃ TNT SPORTS BOX OFFICE FHD |;;TNT.Sports.Box.Office.uk;1.000;EXACT_STRICT
1172360;┃UK┃ TNT SPORTS BOX OFFICE HD |;;TNT.Sports.Box.Office.uk;1.000;EXACT_STRICT
1172359;┃UK┃ TNT SPORTS BOX OFFICE |;;TNT.Sports.Box.Office.uk;1.000;EXACT_STRICT
855371;┃USA┃ A&E HD [EAST];aande.us;A.and.E.HD.East.us2;1.000;EXACT_STRICT
855343;┃USA┃ BET HER HD;bether.us;BET.Her.us2;1.000;EXACT_STRICT
855354;┃USA┃ AMC+ HD;amcplus.us;AMC+.us2;1.000;EXACT_STRICT
855363;┃USA┃ CW HD;cw27wgnt.us;CW.us2;1.000;EXACT_STRICT
855342;┃USA┃ BOUNCE TV HD;bouncetv.us;Bounce.TV.us2;1.000;EXACT_STRICT
855360;┃USA┃ ACC NETWORK HD;accnetwork.us;ACC.Network.us2;1.000;EXACT_STRICT
855359;┃USA┃ ACCU WEATHER HD;;AccuWeather.HD.us2;1.000;EXACT_STRICT
855352;┃USA┃ ASPIRE HD;aspiretv.us;ASPiRE.HD.us2;1.000;EXACT_STRICT
855351;┃USA┃ AXS TV HD;axstv.us;AXS.TV.us2;1.000;EXACT_STRICT
855392;┃USA┃ IFC HD;;IFC.HD.us2;1.000;EXACT_STRICT
855390;┃USA┃ INSP HD;insp.us;INSP.HD.us2;1.000;EXACT_STRICT
855384;┃USA┃ JUSTICE CENTRAL HD;justicecentral.us;Justice.Central.HD.us2;1.000;EXACT_STRICT
855372;┃USA┃ THE WORLD NETWORK HD;thewordnetwork.us;The.Word.Network.us2;0.966;FUZZY_STRICT
855350;┃USA┃ MAGNOLIA NETWORK HD;magnolianetwork.us;Magnolia.Network.HD.us2;1.000;EXACT_STRICT
855393;┃USA┃ HSN 2 HD;hsn2.us;HSN2.us2;1.000;EXACT_STRICT
855399;┃USA┃ GREAT AMERICAN FAITH & LIVING HD;gacliving.us;Great.American.Faith.and.Living.us2;1.000;EXACT_STRICT
855420;┃USA┃ COURT TV HD;court.us;Court.TV.us2;1.000;EXACT_STRICT
855418;┃USA┃ COZI TV HD;cozinetwork.us;COZI.TV.us2;1.000;EXACT_STRICT
855417;┃USA┃ DABL HD;dabl.us;Dabl.us2;1.000;EXACT_STRICT
855414;┃USA┃ CATCHY COMEDY HD;catchycomedy.us;Catchy.Comedy.us2;1.000;EXACT_STRICT
855410;┃USA┃ DOG TV HD;dogtv.us;DOG.TV.us2;1.000;EXACT_STRICT
855436;┃USA┃ FREE SPEECH TV HD;freespeechnetwork.us;Free.Speech.TV.us2;1.000;EXACT_STRICT
855435;┃USA┃ VICTORY CHANNEL HD;;Victory.Channel.us2;1.000;EXACT_STRICT
855428;┃USA┃ CARS TV HD;plutotvcars.us;Cars.TV.HD.us2;1.000;EXACT_STRICT
855427;┃USA┃ CHARGE! HD;charge.us;CHARGE!.us2;1.000;EXACT_STRICT
855426;┃USA┃ CIRCLE COUNTRY HD;circletv.us;Circle.Country.us2;1.000;EXACT_STRICT
855424;┃USA┃ CLEO TV HD;cleo.us;Cleo.TV.HD.us2;1.000;EXACT_STRICT
855423;┃USA┃ COMET HD;comet.us;Comet.us2;1.000;EXACT_STRICT
855465;┃USA┃ TASTMADE HD;tastemade.us;Tastemade.us2;0.941;FUZZY_STRICT
855459;┃USA┃ THE COWBOY CHANNEL HD;thecowgirlchannel.us;The.Cowboy.Channel.us2;1.000;EXACT_STRICT
855458;┃USA┃ THE FILM DETECTIVE HD;tfd.us;The.Film.Detective.us2;1.000;EXACT_STRICT
855457;┃USA┃ THE WEATHER CHANNEL HD;weatherchannel.us;The.Weather.Channel.HD.us2;1.000;EXACT_STRICT
855453;┃USA┃ TRU TV;trutv.us;truTV.HD.us2;1.000;EXACT_STRICT
855452;┃USA┃ TV LAND HD;tvlandeast.us;TV.Land.HD.us2;1.000;EXACT_STRICT
855451;┃USA┃ TV ONE HD;tvone.us;TV.ONE.HD.us2;1.000;EXACT_STRICT
855498;┃USA┃ LAW AND CRIME HD;tvlandeast.us;Law.and.Crime.us2;1.000;EXACT_STRICT
855493;┃USA┃ METV NETWORK HD;metvwjlp.us;Me.TV.Network.us2;1.000;EXACT_STRICT
855492;┃USA┃ METV PLUS HD;metvplus.us;MeTV.Plus.us2;1.000;EXACT_STRICT
855480;┃USA┃ QVC HD;qvc.us;QVC.HD.us2;1.000;EXACT_STRICT
855479;┃USA┃ QVC 2 HD;qvc2.us;QVC2.us2;1.000;EXACT_STRICT
855475;┃USA┃ REVOLT HD;revolt.us;Revolt.HD.us2;1.000;EXACT_STRICT
855474;┃USA┃ RFD TV HD;rfdtv.us;RFD.TV.HD.us2;1.000;EXACT_STRICT
855472;┃USA┃ SHORTS TV HD;shortstv.us;Shorts.TV.us2;1.000;EXACT_STRICT
855450;┃USA┃ UP TV HD;uptv.us;UPtv.us2;1.000;EXACT_STRICT
855446;┃USA┃ WAPA AMERICA HD;wapaamerica.us;WAPA.America.us2;1.000;EXACT_STRICT
855445;┃USA┃ WE TV HD;wetv.us;WE.tv.HD.us2;1.000;EXACT_STRICT
855337;┃USA┃ CNN HD;cnn.us;CNN.HD.us2;1.000;EXACT_STRICT
855336;┃USA┃ CNN INTERNATIONAL HD;cnninternational.us;CNN.International.us2;1.000;EXACT_STRICT
855332;┃USA┃ NEWS NATION HD;newsnation.us;NewsNation.us2;1.000;EXACT_STRICT
855331;┃USA┃ MSNBC HD;msnbc.us;MSNBC.HD.us2;1.000;EXACT_STRICT
855329;┃USA┃ BBC AMERICA HD;bbcamerica.us;BBC.America.HD.us2;1.000;EXACT_STRICT
911053;┃USA┃ CNBC HD;;CNBC.HD.us2;1.000;EXACT_STRICT
855325;┃USA┃ CNBC WORLD HD;cnbcworld.us;CNBC.World.us2;1.000;EXACT_STRICT
855323;┃USA┃ BLOOMBERG HD;bloombergtv.us;Bloomberg.HD.us2;1.000;EXACT_STRICT
855319;┃USA┃ THE GRIO HD;grio.us;The.Grio.HD.us2;1.000;EXACT_STRICT
855318;┃USA┃ C-SPAN HD;cspan.us;CSPAN.us2;1.000;EXACT_STRICT
855317;┃USA┃ C-SPAN 2 HD;cspan2.us;CSPAN2.us2;1.000;EXACT_STRICT
855316;┃USA┃ C-SPAN 3 HD;cspan3.us;CSPAN3.us2;1.000;EXACT_STRICT
855305;┃USA┃ FOX BUSINESS HD;foxbusiness.us;Fox.Business.HD.us2;1.000;EXACT_STRICT
855299;┃USA┃ HLN HD;hln.us;HLN.HD.us2;1.000;EXACT_STRICT
855288;┃USA┃ NEWSY HD;newsy.us;Newsy.us2;1.000;EXACT_STRICT
855291;┃USA┃ NEWS 12 NEW JERSEY HD;abcnewslive.us;News.12.New.Jersey.us2;1.000;EXACT_STRICT
913349;┃USA┃ SPECTRUM NEWS 1 | AUSTIN;spectrumnews.us;Spectrum.News.1.-.Austin.us2;1.000;EXACT_STRICT
913389;┃USA┃ SPECTRUM NEWS 1 | AUSTIN;spectrumnews.us;Spectrum.News.1.-.Austin.us2;1.000;EXACT_STRICT
913406;┃USA┃ SPECTRUM NEWS 1 | KAZD;spectrumnews.us;KAZD-DT.us_locals1;1.000;CALLSIGN_STRICT_V4
913361;┃USA┃ SPECTRUM NEWS 1 | KENTUCKY - COVINGTON;spectrumnews.us;Spectrum.News.1.(Kentucky).Covington.us2;1.000;EXACT_STRICT
913360;┃USA┃ SPECTRUM NEWS 1 | KENTUCKY - EVANSVILLE;spectrumnews.us;Spectrum.News.1.-.(Kentucky).-.Evansville.us2;1.000;EXACT_STRICT
913359;┃USA┃ SPECTRUM NEWS 1 | KENTUCKY - LEXINGTON;spectrumnews.us;Spectrum.News.1.-.(Kentucky).Lexington.us2;1.000;EXACT_STRICT
913358;┃USA┃ SPECTRUM NEWS 1 | KENTUCKY - LOUISVILLE;spectrumnews.us;Spectrum.News.1.-.(Kentucky).Louisville.us2;1.000;EXACT_STRICT
913391;┃USA┃ SPECTRUM NEWS 1 | SAN ANTONIO;spectrumnews.us;Spectrum.News.1.-.San.Antonio.us2;1.000;EXACT_STRICT
913407;┃USA┃ SPECTRUM NEWS 1 | SAN ANTONIO;spectrumnews.us;Spectrum.News.1.-.San.Antonio.us2;1.000;EXACT_STRICT
858770;┃USA┃ BOOMERANG HD;boomerang.us;Boomerang.us2;1.000;EXACT_STRICT
858772;┃USA┃ METV TOONS HD;metv.us;MeTV.Toons.us2;1.000;EXACT_STRICT
858753;┃USA┃ PBS KIDS HD;pbskids.us;PBS.KIDS.HD.us2;1.000;EXACT_STRICT
858554;┃USA┃ ESPN HD;espn.us;ESPN.HD.us2;1.000;EXACT_STRICT
858552;┃USA┃ ESPN 2 HD;espn2.us;ESPN2.HD.us2;1.000;EXACT_STRICT
858550;┃USA┃ ESPN U HD;espnu.us;ESPNU.HD.us2;1.000;EXACT_STRICT
858547;┃USA┃ FOX SPORTS 1 HD;foxsports1.us;FS1.HD.us2;1.000;RULE_FS1
858555;┃USA┃ FOX SPORTS 2 HD;foxsports2.us;FS2.HD.us2;1.000;RULE_FS2
858546;┃USA┃ FOX SOCCER PLUS HD;foxsoccerplus.us;Fox.Soccer.Plus.HD.us2;1.000;EXACT_STRICT
858539;┃USA┃ CBS SPORTS NETWORK HD;cbssportsnetworkusa.us;CBS.Sports.Network.HD.us2;1.000;EXACT_STRICT
858537;┃USA┃ MONUMENTAL SPORTS NETWORK HD;monumentalsportsnetwork.us;Monumental.Sports.Network.HD.us2;1.000;EXACT_STRICT
858535;┃USA┃ NFL NETWORK;nflnetwork.us;NFL.Network.HD.us2;1.000;EXACT_STRICT
858533;┃USA┃ NBA TV HD;nbatv.us;NBA.TV.HD.us2;1.000;EXACT_STRICT
858531;┃USA┃ MLB NETWORK HD;mlbnetwork.us;MLB.Network.HD.us2;1.000;EXACT_STRICT
858529;┃USA┃ NHL NETWORK HD;nhlnetwork.us;NHL.Network.HD.us2;1.000;EXACT_STRICT
858524;┃USA┃ GOL TV HD;goltv.us;GOL.TV.us2;1.000;EXACT_STRICT
858523;┃USA┃ TENNIS CHANNEL HD;tennischannel.us;Tennis.Channel.HD.us2;1.000;EXACT_STRICT
858522;┃USA┃ TENNIS CHANNEL 2 HD;tennischannel.us;Tennis.Channel.HD.us2;0.963;FUZZY_STRICT
858521;┃USA┃ GOLF CHANNEL HD;golfchannel.us;Golf.Channel.HD.us2;1.000;EXACT_STRICT
858520;┃USA┃ BILLIARD TV HD;;Billiard.TV.us2;1.000;EXACT_STRICT
858514;┃USA┃ ALTITUDE SPORTS HD;altitudesport.us;Altitude.Sports.us2;1.000;EXACT_STRICT
858646;┃USA┃ MSG 2 HD;msg2.us;MSG2.HD.us2;1.000;EXACT_STRICT
858645;┃USA┃ MSG PLUS HD;msgsnplus.us;MSG.Plus.us2;1.000;EXACT_STRICT
858641;┃USA┃ BIG TEN NETWORK HD;bigtennetwork.us;Big.Ten.Network.HD.us2;1.000;EXACT_STRICT
858640;┃USA┃ BIG TEN NETWORK 2 HD;bigtenoverflow2.us;Big.Ten.Network.HD.us2;0.963;FUZZY_STRICT
858639;┃USA┃ BIG TEN NETWORK 3 HD;bigtenoverflow3.us;Big.Ten.Network.HD.us2;0.963;FUZZY_STRICT
858638;┃USA┃ BIG TEN NETWORK 4 HD;bigtenoverflow4.us;Big.Ten.Network.HD.us2;0.963;FUZZY_STRICT
858585;┃USA┃ NBC SPORTS BAY AREA HD;nbcsportsbayarea.us;NBC.Sports.Bay.Area.HD.us2;1.000;EXACT_STRICT
858584;┃USA┃ NBC SPORTS BAY AREA PLUS HD;nbcsportsbayareaplus.us;NBC.Sports.Bay.Area.Plus.us2;1.000;EXACT_STRICT
858583;┃USA┃ NBC SPORTS BOSTON HD;nbcsportsboston.us;NBC.Sports.Boston.HD.us2;1.000;EXACT_STRICT
858582;┃USA┃ NBC SPORTS CALIFORNIA HD;nbcsportscalifornia.us;NBC.Sports.California.SAT.us2;1.000;EXACT_STRICT
858581;┃USA┃ NBC SPORTS CALIFORNIA PLUS HD;nbcsportscalifornia.us;NBC.Sports.California.Plus.us2;1.000;EXACT_STRICT
858575;┃USA┃ NBC SPORTS PHILADELPHIA HD;nbcsportsphiladelphia.us;NBC.Sports.Philadelphia.HD.us2;1.000;EXACT_STRICT
858574;┃USA┃ NBC SPORTS PHILADELPHIA PLUS HD;nbcsportsphiladelphiaplus.us;NBC.Sports.Philadelphia.Plus.us2;1.000;EXACT_STRICT
858693;┃USA┃ ROOT SPORTS NORTH WEST PLUS HD;rootsportsnorthwestplus.us;Root.Sports.Northwest.Plus.us2;1.000;EXACT_STRICT
858697;┃USA┃ SPECTRUM SPORTSNET LA DODGERS HD;spectrumsportsnetla.us;Spectrum.SportsNet.LA.Dodgers.HD.us2;1.000;EXACT_STRICT
858696;┃USA┃ SPECTRUM SPORTSNET LAKERS HD;spectrumsportsnet.us;Spectrum.SportsNet.Lakers.HD.us2;1.000;EXACT_STRICT
858687;┃USA┃ TENNIS CHANNEL PLUS 2 HD;tennischannel.us;Tennis.Channel.HD.us2;0.941;FUZZY_STRICT
858677;┃USA┃ WILLOW CRICKET HD;willowcricket.us;Willow.Cricket.HD.us2;1.000;EXACT_STRICT
858670;┃USA┃ SPACE CITY HOME NETWORK HD;spacecityhomenetwork.us;Space.City.Home.Network.HD.us2;1.000;EXACT_STRICT
858661;┃USA┃ MARQUEE SPORTS NETWORK HD;marqueesportsnetwork.us;Marquee.Sports.Network.HD.us2;1.000;EXACT_STRICT
858658;┃USA┃ SPORTSGRID HD;sportsgrid.us;SportsGrid.us2;1.000;EXACT_STRICT
858653;┃USA┃ WORLD FISHING NETWORK HD;;World.Fishing.Network.HD.(US).us2;0.950;FUZZY_STRICT
858652;┃USA┃ YES NETWORK HD;yesnetwork.us;Yes.Network.us2;1.000;EXACT_STRICT
858651;┃USA┃ NFL RED ZONE;nflredzone.us;NFL.RedZone.HD.us2;1.000;EXACT_STRICT
858814;┃USA┃ COOKING CHANNEL HD;cookingchannel.us;Cooking.Channel.HD.us2;1.000;EXACT_STRICT
858786;┃USA┃ OUTDOOR CHANNEL HD;outdoorchannel.us;Outdoor.Channel.HD.us2;1.000;EXACT_STRICT
858825;┃USA┃ CURIOSITY STREAM HD;;CuriosityStream.us2;1.000;EXACT_STRICT
858812;┃USA┃ DESTINATION AMERICA HD;destinationamerica.us;Destination.America.HD.us2;1.000;EXACT_STRICT
855676;┃USA┃ HBO HD [EAST];hbo.us;HBO.East.us2;1.000;EXACT_STRICT
855675;┃USA┃ HBO HD [WEST];hbowest.us;HBO.West.us2;1.000;EXACT_STRICT
855682;┃USA┃ STARZ ENCORE BLACK HD;starzencoreblack.us;Starz.Encore.Black.us2;1.000;EXACT_STRICT
855681;┃USA┃ STARZ ENCORE ACTION HD;starzencoreaction.us;Starz.Encore.Action.HD.us2;1.000;EXACT_STRICT
855680;┃USA┃ STARZ ENCORE ESPANOL HD;starzencoreespanol.us;Starz.Encore.Español.SD.us2;0.971;FUZZY_STRICT
855679;┃USA┃ STARZ ENCORE FAMILY HD;starzencorefamily.us;Starz.Encore.Family.SD.us2;1.000;EXACT_STRICT
855678;┃USA┃ STARZ ENCORE SUSPENSE HD;starzencoresuspense.us;Starz.Encore.Suspense.us2;1.000;EXACT_STRICT
855677;┃USA┃ STARZ ENCORE WESTERNS HD;starzencorewesterns.us;Starz.Encore.Westerns.SD.us2;1.000;EXACT_STRICT
855731;┃USA┃ MGM+ HD;;MGM+.HD.us2;1.000;EXACT_STRICT
855733;┃USA┃ MGM+ HITS HD;mgmhits.us;MGM+.Hits.HD.us2;1.000;EXACT_STRICT
855734;┃USA┃ MGM+ DRIVE-IN HD;mgmdrivein.us;MGM+.Drive-In.us2;1.000;EXACT_STRICT
855732;┃USA┃ MGM+ MARQUEE HD;mgmmarquee.us;MGM+.Marquee.HD.us2;1.000;EXACT_STRICT
855728;┃USA┃ SCREEN PIX HD;screenpix.us;ScreenPix.us2;1.000;EXACT_STRICT
855727;┃USA┃ SCREEN PIX ACTION HD;screenpixaction.us;ScreenPix.Action.us2;1.000;EXACT_STRICT
855726;┃USA┃ SCREEN PIX VOICES HD;screenpixvoices.us;ScreenPix.Voices.us2;1.000;EXACT_STRICT
855725;┃USA┃ SCREEN PIX WESTERNS HD;screenpixwesterns.us;ScreenPix.Westerns.us2;1.000;EXACT_STRICT
855724;┃USA┃ SONY MOVIE CHANNEL HD;sony.us;Sony.Movie.Channel.HD.us2;1.000;EXACT_STRICT
855729;┃USA┃ PIXL HD;pixltv.us;PixL.us2;1.000;EXACT_STRICT
385998;┃US┃ MTV LIVE HD;;MTVLIVE.us2;1.000;EXACT_STRICT
385997;┃US┃ MTV U;;mtv-U.us2;1.000;EXACT_STRICT
385996;┃US┃ MTV CLASSIC;;MTV.Classic.us2;1.000;EXACT_STRICT
385995;┃US┃ VH1 HD;;VH1.HD.us2;1.000;EXACT_STRICT
385994;┃US┃ CMT HD;;CMT.HD.us2;1.000;EXACT_STRICT
385993;┃US┃ NICK MUSIC;;Nick.Music.us2;1.000;EXACT_STRICT
385992;┃US┃ BET JAMS;;BET.Jams.us2;1.000;EXACT_STRICT
385991;┃US┃ BET SOUL;;BET.Soul.us2;1.000;EXACT_STRICT
986280;┃USA┃ ABC |  NEW YORK | WABC;abc11whas.us;WABC-DT.us_locals1;1.000;CALLSIGN_STRICT_V4
986477;┃USA┃ ABC | NATIONAL FEED PACIFIC;abc11whas.us;ABC.National.Feed.Pacific.us2;1.000;EXACT_STRICT
986282;┃USA┃ ABC 2 | ATLANTA | WSB;abcwsb.us;WSB-DT.us_locals1;1.000;CALLSIGN_STRICT_V4
986283;┃USA┃ ABC 2 | BALTIMORE | WMAR;abcwmar.us;WMAR-DT.us_locals1;1.000;CALLSIGN_STRICT_V4
986281;┃USA┃ ABC 2 | BATON ROUGE | WBRZ;abcwbrz.us;WBRZ-DT.us_locals1;1.000;CALLSIGN_STRICT_V4
986352;┃USA┃ ABC 2 | CASPER/RIVERTON | KTWO;abc11whas.us;KTWO-DT.us_locals1;1.000;CALLSIGN_STRICT_V4
986340;┃USA┃ ABC 2 | GREEN BAY/APPLETON | WBAY-TV2;abcwbay.us;WBAY-DT.us_locals1;1.000;CALLSIGN_STRICT_V4
986284;┃USA┃ ABC 2 | NASHVILLE | WKRN;abcwkrn.us;WKRN-DT.us_locals1;1.000;CALLSIGN_STRICT_V4
986346;┃USA┃ ABC 2 | ODESSA/MIDLAND | KMID;abc11whas.us;KMID-DT.us_locals1;1.000;CALLSIGN_STRICT_V4
986285;┃USA┃ ABC 2 | PORTLAND | KATU;abc2katu.us;KATU-DT.us_locals1;1.000;CALLSIGN_STRICT_V4
986406;┃USA┃ ABC 2 | ST. JOSEPH | KQTV;abc11whas.us;KQTV-DT.us_locals1;1.000;CALLSIGN_STRICT_V4
986458;┃USA┃ ABC 3 | CARTERVILLE / HARRISBURG | WSIL;abcwsil.us;WSIL-DT.us_locals1;1.000;CALLSIGN_STRICT_V4
986483;┃USA┃ ABC 3 | CORPUS CHRISTI | KIII;abc11whas.us;KIII-DT.us_locals1;1.000;CALLSIGN_STRICT_V4
986449;┃USA┃ ABC 3 | LAFAYETTE | KATC;abc3katc.us;KATC-DT.us_locals1;1.000;CALLSIGN_STRICT_V4
986404;┃USA┃ ABC 3 | PALM SPRINGS | KESQ;abckesq.us;KESQ-DT.us_locals1;1.000;CALLSIGN_STRICT_V4
986286;┃USA┃ ABC 3 | PENSACOLA | WEAR;abcwear.us;WEAR-DT.us_locals1;1.000;CALLSIGN_STRICT_V4
986380;┃USA┃ ABC 3 | RAPID CITY | KOTA;abc11whas.us;KOTA-DT.us_locals1;1.000;CALLSIGN_STRICT_V4
986382;┃USA┃ ABC 3 | SANTA BARBARA | KEYT;abc3keyt.us;KEYT-DT.us_locals1;1.000;CALLSIGN_STRICT_V4
986287;┃USA┃ ABC 3 | SHREVEPORT | KTBS;abc3ktbs.us;KTBS-DT.us_locals1;1.000;CALLSIGN_STRICT_V4
986350;┃USA┃ ABC 3 | WILMINGTON | WWAY;abc11whas.us;WWAY-DT.us_locals1;1.000;CALLSIGN_STRICT_V4
986290;┃USA┃ ABC 4 | CHARLESTON | WCIV-DT;wchs.us;WCIV-DT.us_locals1;1.000;CALLSIGN_STRICT_V4
986450;┃USA┃ ABC 4 | GRAND RAPIDS /KALAMAZOO / BATTLE CREEK | WOTV;abcwzzm.us;WOTV-DT.us_locals1;1.000;CALLSIGN_STRICT_V4
986291;┃USA┃ ABC 4 | HONOLULU | KITV;abckitv.us;KITV-DT.us_locals1;1.000;CALLSIGN_STRICT_V4
986407;┃USA┃ ABC 4 | OAK HILL | WOAY;abc11whas.us;WOAY-DT.us_locals1;1.000;CALLSIGN_STRICT_V4
986292;┃USA┃ ABC 4 | PITTSBURGH | WTAE;abcwtae.us;WTAE-DT.us_locals1;1.000;CALLSIGN_STRICT_V4
986289;┃USA┃ ABC 4 | SALT LAKE CITY | KTVX;abcktvx.us;KTVX-DT.us_locals1;1.000;CALLSIGN_STRICT_V4
986288;┃USA┃ ABC 4 | SEATTLE | KOMO;abckomo.us;KOMO-DT.us_locals1;1.000;CALLSIGN_STRICT_V4
986369;┃USA┃ ABC 4 | SPOKANE | KXLY;abc11whas.us;KXLY-DT.us_locals1;1.000;CALLSIGN_STRICT_V4
986430;┃USA┃ ABC 5  | GREAT FALLS | KFBB;abckfbb.us;KFBB-DT.us_locals1;1.000;CALLSIGN_STRICT_V4
986295;┃USA┃ ABC 5 | OKLAHOMA CITY | KOCO;abc11whas.us;KOCO-DT.us_locals1;1.000;CALLSIGN_STRICT_V4
986296;┃USA┃ ABC 5 | ST. PAUL | KSTP;abc11whas.us;KSTP-DT.us_locals1;1.000;CALLSIGN_STRICT_V4
986444;┃USA┃ ABC 5 | WEST DES MOINE | WOI;abc11whas.us;WOI-DT.us_locals1;1.000;CALLSIGN_STRICT_V4
986414;┃USA┃ ABC 5/9 | EL CENTRO |  KECY-DT2;abc11whas.us;KECY-DT.us_locals1;1.000;CALLSIGN_STRICT_V4
986297;┃USA┃ ABC 6 | AUGUSTA | WJBF;abc11whas.us;WJBF-DT.us_locals1;1.000;CALLSIGN_STRICT_V4
986392;┃USA┃ ABC 6 | Austin / Rochester / Mason City | KAAL;abc13wham.us;KAAL-DT.us_locals1;1.000;CALLSIGN_STRICT_V4
986434;┃USA┃ ABC 6 | BILLINGS | KSVI;abc11whas.us;KSVI-DT.us_locals1;1.000;CALLSIGN_STRICT_V4
986448;┃USA┃ ABC 6 | BOISE CITY | KIVI;abc11whas.us;KIVI-DT.us_locals1;1.000;CALLSIGN_STRICT_V4
986467;┃USA┃ ABC 6 | COLUMBUS | WSYX;abc11whas.us;WSYX-DT.us_locals1;1.000;CALLSIGN_STRICT_V4
986442;┃USA┃ ABC 6 | FARGO | WDAY;abcwday.us;WDAY-DT.us_locals1;1.000;CALLSIGN_STRICT_V4
986471;┃USA┃ ABC 6 | GREENWOOD | WABG;abc11whas.us;WABG-DT.us_locals1;1.000;CALLSIGN_STRICT_V4
986482;┃USA┃ ABC 6 | HARLINGEN | KRGV;abc11whas.us;KRGV-DT.us_locals1;1.000;CALLSIGN_STRICT_V4
986344;┃USA┃ ABC 6 | INDIANAPOLIS | WRTV;abcwrtv.us;WRTV-DT.us_locals1;1.000;CALLSIGN_STRICT_V4
986353;┃USA┃ ABC 6 | KNOXVILLE | WATE;abcwate.us;WATE-DT.us_locals1;1.000;CALLSIGN_STRICT_V4
986476;┃USA┃ ABC 6 | NORTH PLATTE | KWNB;abc11whas.us;KWNB-DT.us_locals1;1.000;CALLSIGN_STRICT_V4
986298;┃USA┃ ABC 6 | PHILADELPHIA| WPVI;abcwpvi.us;WPVI-DT.us_locals1;1.000;CALLSIGN_STRICT_V4
986443;┃USA┃ ABC 6 | PROVIDENCE / NEW BEDFORD | WLNE;abc11whas.us;WLNE-DT.us_locals1;1.000;CALLSIGN_STRICT_V4
986426;┃USA┃ ABC 6 | TWIN FALLS | KSAW-LD;abc11whas.us;KSAW-LD.us_locals1;1.000;CALLSIGN_STRICT_V4
986342;┃USA┃ ABC 7 | ALBUQUERQUE-SANTA FE | KOAT;abc7koat.us;KOAT-DT.us_locals1;1.000;CALLSIGN_STRICT_V4
986341;┃USA┃ ABC 7 | AMARILLO | KVII;abc7kvii.us;KVII-DT.us_locals1;1.000;CALLSIGN_STRICT_V4
986349;┃USA┃ ABC 7 | BANGOR/PRESQUE ISLE | WVII;abc11whas.us;WVII-DT.us_locals1;1.000;CALLSIGN_STRICT_V4
986304;┃USA┃ ABC 7 | BUFFALO | WKBW;abcwkbw.us;WKBW-DT.us_locals1;1.000;CALLSIGN_STRICT_V4
986300;┃USA┃ ABC 7 | CHICAGO IL | WLS;abc7wlstv.us;WLS-DT.us_locals1;1.000;CALLSIGN_STRICT_V4
986402;┃USA┃ ABC 7 | CHICO / REDDING | KRCR;abc11whas.us;KRCR-DT.us_locals1;1.000;CALLSIGN_STRICT_V4
986305;┃USA┃ ABC 7 | DENVER | KMGH;abc7kmghtv.us;KMGH-DT.us_locals1;1.000;CALLSIGN_STRICT_V4
986301;┃USA┃ ABC 7 | DETROIT | WXYZ;abc7wxyz.us;WXYZ-DT.us_locals1;1.000;CALLSIGN_STRICT_V4
986306;┃USA┃ ABC 7 | EL PASO | KVIA;abc7kvia.us;KVIA-DT.us_locals1;1.000;CALLSIGN_STRICT_V4
986307;┃USA┃ ABC 7 | FORT MYERS | WZVN;abcwzvn.us;WZVN-DT.us_locals1;1.000;CALLSIGN_STRICT_V4
986361;┃USA┃ ABC 7 | JACKSON | WBBJ;abc11whas.us;WBBJ-DT.us_locals1;1.000;CALLSIGN_STRICT_V4
986417;┃USA┃ ABC 7 | LITTLE ROCK | KATV;abckatv.us;KATV-DT.us_locals1;1.000;CALLSIGN_STRICT_V4
986365;┃USA┃ ABC 7 | LONGVIEW /TYLER | KLTV;abc7kltv.us;KLTV-DT.us_locals1;1.000;CALLSIGN_STRICT_V4
986302;┃USA┃ ABC 7 | LOS ANGELES | KABC;abc11whas.us;KABC-DT.us_locals1;1.000;CALLSIGN_STRICT_V4
986375;┃USA┃ ABC 7 | OMAHA | KETV;abcketv.us;KETV-DT.us_locals1;1.000;CALLSIGN_STRICT_V4
986379;┃USA┃ ABC 7 | RAPID CITY | KEVN;abc11whas.us;KEVN-LD.us_locals1;1.000;CALLSIGN_STRICT_V4
986303;┃USA┃ ABC 7 | SAN FRANCISCO | KGO;abckgo.us;KGO-DT.us_locals1;1.000;CALLSIGN_STRICT_V4
986484;┃USA┃ ABC 7 | TAMPA | WWSB;abc28wfts.us;WWSB-DT.us_locals1;1.000;CALLSIGN_STRICT_V4
986299;┃USA┃ ABC 7 | WASHINGTON | WJLA;abcwjla.us;WJLA-DT.us_locals1;1.000;CALLSIGN_STRICT_V4
986474;┃USA┃ ABC 7 | WHEELING | WTRF;abc11whas.us;WTRF-DT.us_locals1;1.000;CALLSIGN_STRICT_V4
986354;┃USA┃ ABC 7 | WICHITA FALLS | KSWO;abc11whas.us;KSWO-DT.us_locals1;1.000;CALLSIGN_STRICT_V4
986464;┃USA┃ ABC 8 | CHARLESTON | WCHS;wchs.us;WCHS-DT.us_locals1;1.000;CALLSIGN_STRICT_V4
986486;┃USA┃ ABC 8 | DALLAS | WFAA;abc8wfaa.us;WFAA-DT.us_locals1;1.000;CALLSIGN_STRICT_V4
986428;┃USA┃ ABC 8 | GRAND JUNCTION | KJCT;abckjct.us;KJCT-LD.us_locals1;1.000;CALLSIGN_STRICT_V4
986479;┃USA┃ ABC 8 | IDAHO FALLS / POCATELLO | KIFI;abc11whas.us;KIFI-DT.us_locals1;1.000;CALLSIGN_STRICT_V4
986472;┃USA┃ ABC 8 | JONESBORO | KAIT;abc11whas.us;KAIT-DT.us_locals1;1.000;CALLSIGN_STRICT_V4
986394;┃USA┃ ABC 8 | LAREDO | KGNS-DT2;abc8kgns.us;KGNS-DT.us_locals1;1.000;CALLSIGN_STRICT_V4
986393;┃USA┃ ABC 8 | LINCOLN-KEARNEY | KHGI;abc11whas.us;KHGI-CD.us_locals1;1.000;CALLSIGN_STRICT_V4
986452;┃USA┃ ABC 8 | MOLINE / DAVENPORT | WQAD;abc8wqad.us;WQAD-DT.us_locals1;1.000;CALLSIGN_STRICT_V4
986309;┃USA┃ ABC 8 | NEW HAVEN | WTNH;abc11whas.us;WTNH-DT.us_locals1;1.000;CALLSIGN_STRICT_V4
986465;┃USA┃ ABC 8 | PETERSBURG | WRIC;abc11whas.us;WRIC-DT.us_locals1;1.000;CALLSIGN_STRICT_V4
986415;┃USA┃ ABC 8 | PORTLAND | WMTW;abc2katu.us;WMTW-DT.us_locals1;1.000;CALLSIGN_STRICT_V4
986416;┃USA┃ ABC 8 | RENO | KOLO;abc11whas.us;KOLO-DT.us_locals1;1.000;CALLSIGN_STRICT_V4
986381;┃USA┃ ABC 8 | SALINA | KSBW-DT2;abc11whas.us;KSBW-DT.us_locals1;1.000;CALLSIGN_STRICT_V4
986457;┃USA┃ ABC 8 | TULSA | KTUL;abc8ktul.us;KTUL-DT.us_locals1;1.000;CALLSIGN_STRICT_V4
986463;┃USA┃ ABC 9 | CEDAR RAPIDS / WATERLOO | KCRG;abc11whas.us;KCRG-DT.us_locals1;1.000;CALLSIGN_STRICT_V4
986313;┃USA┃ ABC 9 | CHARLOTTE | WSOC;abcwsoc.us;WSOC-DT.us_locals1;1.000;CALLSIGN_STRICT_V4
986362;┃USA┃ ABC 9 | CHATTANOOGA | WTVC-DT;abc11whas.us;WTVC-DT.us_locals1;1.000;CALLSIGN_STRICT_V4
986351;┃USA┃ ABC 9 | CINCINNATI | WCPO;abc11whas.us;WCPO-DT.us_locals1;1.000;CALLSIGN_STRICT_V4
986345;┃USA┃ ABC 9 | COLUMBUS GA | WTVM;abc9wtvm.us;WTVM-DT.us_locals1;1.000;CALLSIGN_STRICT_V4
986359;┃USA┃ ABC 9 | EUGENE | KEZI;kezi.us;KEZI-DT.us_locals1;1.000;CALLSIGN_STRICT_V4
986489;┃USA┃ ABC 9 | KANSAS CITY | KMBC;abc9kmbc.us;KMBC-DT.us_locals1;1.000;CALLSIGN_STRICT_V4
986312;┃USA┃ ABC 9 | MANCHESTER | WMUR;abc11whas.us;WMUR-DT.us_locals1;1.000;CALLSIGN_STRICT_V4
986311;┃USA┃ ABC 9 | ORLANDO | WFTV;abcwftv.us;WFTV-DT.us_locals1;1.000;CALLSIGN_STRICT_V4
986363;┃USA┃ ABC 9 | SIOUX CITY | KCAU;abc11whas.us;KCAU-DT.us_locals1;1.000;CALLSIGN_STRICT_V4
986314;┃USA┃ ABC 9 | SYRACUSE | WSYR;abc11whas.us;WSYR-DT.us_locals1;1.000;CALLSIGN_STRICT_V4
986310;┃USA┃ ABC 9 | TUCSON | KGUN;abc11whas.us;KGUN-DT.us_locals1;1.000;CALLSIGN_STRICT_V4
986391;┃USA┃ ABC 9 | WAUSAU | WAOW;abc11whas.us;WAOW-DT.us_locals1;1.000;CALLSIGN_STRICT_V4
986316;┃USA┃ ABC 10 | ALBANY | WTEN;abc10wten.us;WTEN-DT.us_locals1;1.000;CALLSIGN_STRICT_V4
986438;┃USA┃ ABC 10 | DULUTH / SUPERIOR | WDIO;abc11whas.us;WDIO-DT.us_locals1;1.000;CALLSIGN_STRICT_V4
986401;┃USA┃ ABC 10 | ISHPEMING / MARQUETTE | WBUP;abc11whas.us;WBUP-DT.us_locals1;1.000;CALLSIGN_STRICT_V4
986315;┃USA┃ ABC 10 | MIAMI | WPLG;abc10wplg.us;WPLG-DT.us_locals1;1.000;CALLSIGN_STRICT_V4
986317;┃USA┃ ABC 10 | SACRAMENTO | KXTV;abckxtv.us;KXTV-DT.us_locals1;1.000;CALLSIGN_STRICT_V4
986318;┃USA┃ ABC 10 | SAN DIEGO | KGTV;abckgtv.us;KGTV-DT.us_locals1;1.000;CALLSIGN_STRICT_V4
986373;┃USA┃ ABC 10 | WICHITA | KAKE;abc11whas.us;KAKE-DT.us_locals1;1.000;CALLSIGN_STRICT_V4
986410;┃USA┃ ABC 11 | ALPENA | WBKB;abc11whas.us;WBKB-DT.us_locals1;1.000;CALLSIGN_STRICT_V4
986366;┃USA┃ ABC 11 | LOUISVILLE | WHAS;abc11whas.us;WHAS-DT.us_locals1;1.000;CALLSIGN_STRICT_V4
986431;┃USA┃ ABC 11 | MERIDIAN | WTOK;abcwtok.us;WTOK-DT.us_locals1;1.000;CALLSIGN_STRICT_V4
986319;┃USA┃ ABC 11 | RALEIGH | WTVD;abc11wtvd.us;WTVD-DT.us_locals1;1.000;CALLSIGN_STRICT_V4
986399;┃USA┃ ABC 11 | TRI CITIES | WJHL-DT2;abc11whas.us;WJHL-DT.us_locals1;1.000;CALLSIGN_STRICT_V4
986386;┃USA┃ ABC 12 | ABILENE | KTXS;abc11whas.us;KTXS-DT.us_locals1;1.000;CALLSIGN_STRICT_V4
986360;┃USA┃ ABC 12 | BEAUMONT/PORT ARTHUR | KBMT;abc11whas.us;KBMT-DT.us_locals1;1.000;CALLSIGN_STRICT_V4
986473;┃USA┃ ABC 12 | CLARKSBURG | WBOY;abc11whas.us;WBOY-DT.us_locals1;1.000;CALLSIGN_STRICT_V4
986347;┃USA┃ ABC 12 | FLINT/SAGINAW/BAY CITY | WJRT;abc11whas.us;WJRT-DT.us_locals1;1.000;CALLSIGN_STRICT_V4
986445;┃USA┃ ABC 12 | GREENVILLE | WCTI;abc11whas.us;WCTI-DT.us_locals1;1.000;CALLSIGN_STRICT_V4
986422;┃USA┃ ABC 12 | JOPLIN | KODE;abc11whas.us;KODE-DT.us_locals1;1.000;CALLSIGN_STRICT_V4
986321;┃USA┃ ABC 12 | MILWAUKEE | WISN;abcwisn.us;WISN-DT.us_locals1;1.000;CALLSIGN_STRICT_V4
986356;┃USA┃ ABC 12 | SAN ANGELO | KTXE-LD;abc11whas.us;KTXE-LD.us_locals1;1.000;CALLSIGN_STRICT_V4
986320;┃USA┃ ABC 12 | SAN ANTONIO | KSAT;abcksat.us;KSAT-DT.us_locals1;1.000;CALLSIGN_STRICT_V4
986455;┃USA┃ ABC 13 | ANCHORAGE / ALASKA | KYUR;abc13kyur.us;KYUR-DT.us_locals1;1.000;CALLSIGN_STRICT_V4
986323;┃USA┃ ABC 13 | ASHEVILLE | WLOS;abcwlos.us;WLOS-DT.us_locals1;1.000;CALLSIGN_STRICT_V4
986425;┃USA┃ ABC 13 | BOWLING GREEN | WBKO;abcwbko.us;WBKO-DT.us_locals1;1.000;CALLSIGN_STRICT_V4
986385;┃USA┃ ABC 13 | COLORADO SPRINGS | KRDO;abc11whas.us;KRDO-DT.us_locals1;1.000;CALLSIGN_STRICT_V4
986451;┃USA┃ ABC 13 | GRAND RAPIDS / KALAMAZOO / BATTLE CREEK | WZZM;abcwzzm.us;WZZM-DT.us_locals1;1.000;CALLSIGN_STRICT_V4
986355;┃USA┃ ABC 13 | GULFPORT/BILOXI | WLOX;abc11whas.us;WLOX-DT.us_locals1;1.000;CALLSIGN_STRICT_V4
986324;┃USA┃ ABC 13 | HAMPTON ROADS | WVEC;abc11whas.us;WVEC-DT.us_locals1;1.000;CALLSIGN_STRICT_V4
986439;┃USA┃ ABC 13 | HARRISONBURG | WHSV;abc11whas.us;WHSV-CD.us_locals1;1.000;CALLSIGN_STRICT_V4
986322;┃USA┃ ABC 13 | HOUSTON | KTRK;abc13ktrktv.us;KTRK-DT.us_locals1;1.000;CALLSIGN_STRICT_V4
986325;┃USA┃ ABC 13 | LAS VEGAS | KTNV;abcktnv.us;KTNV-DT.us_locals1;1.000;CALLSIGN_STRICT_V4
986389;┃USA┃ ABC 13 | LYNCHBURG | WSET;abc11whas.us;WSET-DT.us_locals1;1.000;CALLSIGN_STRICT_V4
986377;┃USA┃ ABC 13 | OMAHA | KMTV;abcketv.us;KMTV-DT.us_locals1;1.000;CALLSIGN_STRICT_V4
986423;┃USA┃ ABC 13 | PANAMA CITY | WMBB;abcwmbb.us;WMBB-DT.us_locals1;1.000;CALLSIGN_STRICT_V4
986420;┃USA┃ ABC 13 | ROCHESTER | WHAM;abc13wham.us;WHAM-DT.us_locals1;1.000;CALLSIGN_STRICT_V4
986429;┃USA┃ ABC 13 | SIOUX FALLS | KSFY;abc11whas.us;KSFY-DT.us_locals1;1.000;CALLSIGN_STRICT_V4
986378;┃USA┃ ABC 13 | TOLEDO | WTVG;abcwtvg.us;WTVG-DT.us_locals1;1.000;CALLSIGN_STRICT_V4
986440;┃USA┃ ABC 15 | FLORENCE-MYRTLE BEACH | WPDE;abc11whas.us;WPDE-DT.us_locals1;1.000;CALLSIGN_STRICT_V4
986326;┃USA┃ ABC 15 | PHOENIX| KNXV;abcknvx.us;KNXV-DT.us_locals1;1.000;CALLSIGN_STRICT_V4
986421;┃USA┃ ABC 16 | CHARLOTTESVILLE | WVAW;abc16wvaw.us;WVAW-LD.us_locals1;1.000;CALLSIGN_STRICT_V4
986446;┃USA┃ ABC 16 | JACKSON | WAPT;abc11whas.us;WAPT-DT.us_locals1;1.000;CALLSIGN_STRICT_V4
986368;┃USA┃ ABC 16 | MACON | WGXA;abc11whas.us;WGXA-DT.us_locals1;1.000;CALLSIGN_STRICT_V4
986327;┃USA┃ ABC 16 | WNEP;abc11whas.us;WNEP-DT.us_locals1;1.000;CALLSIGN_STRICT_V4
986460;┃USA┃ ABC 17 | JEFFERSON CITY / COLUMBIA | KMIZ;abckmiz.us;KMIZ-DT.us_locals1;1.000;CALLSIGN_STRICT_V4
986367;┃USA┃ ABC 17 | MINOT | KBMY;abc11whas.us;KBMY-DT.us_locals1;1.000;CALLSIGN_STRICT_V4
986418;┃USA┃ ABC 17 | Rockford | WTVO;abc11whas.us;WTVO-DT.us_locals1;1.000;CALLSIGN_STRICT_V4
986436;┃USA┃ ABC 18 | BUTTE | KWYB;abc11whas.us;KWYB-DT.us_locals1;1.000;CALLSIGN_STRICT_V4
986424;┃USA┃ ABC 18 | DOTHAN | WDHN;abcwdhn.us;WDHN-DT.us_locals1;1.000;CALLSIGN_STRICT_V4
986338;┃USA┃ ABC 18 | EAU CLAIRE/LA CROSSE | WQOW;abc11whas.us;WQOW-DT.us_locals1;1.000;CALLSIGN_STRICT_V4
986384;┃USA┃ ABC 19 | MADISON | WXOW;abc11whas.us;WXOW-DT.us_locals1;1.000;CALLSIGN_STRICT_V4
986328;┃USA┃ ABC 20 | GAINESVILLE | WCJB;abcwcjb.us;WCJB-DT.us_locals1;1.000;CALLSIGN_STRICT_V4
986441;┃USA┃ ABC 20 | SPRINGFIELD | WICS;abc11whas.us;WICS-DT.us_locals1;1.000;CALLSIGN_STRICT_V4
986419;┃USA┃ ABC 20 | UTICA | WUTR;abc11whas.us;WUTR-DT.us_locals1;1.000;CALLSIGN_STRICT_V4
986469;┃USA┃ ABC 21 | DT HELENA | KHBB;abc11whas.us;KHBB-LD.us_locals1;1.000;CALLSIGN_STRICT_V4
986403;┃USA┃ ABC 21 | FORT WAYNE | WPTA;abc11whas.us;WPTA-DT.us_locals1;1.000;CALLSIGN_STRICT_V4
986427;┃USA┃ ABC 22 | BURLINGTON / PLATTSBURGH | WVNY;abc11whas.us;WVNY-DT.us_locals1;1.000;CALLSIGN_STRICT_V4
986348;┃USA┃ ABC 22 | DAYTON | WKEF;abc11whas.us;WKEF-DT.us_locals1;1.000;CALLSIGN_STRICT_V4
986358;┃USA┃ ABC 22 | SAVANNAH | WJCL;abc11whas.us;WJCL-DT.us_locals1;1.000;CALLSIGN_STRICT_V4
986372;┃USA┃ ABC 23 | ALTOONA / JOHNSTOWN | WATM;abc11whas.us;WATM-DT.us_locals1;1.000;CALLSIGN_STRICT_V4
986409;┃USA┃ ABC 23 | ARCATA / EUREKA / FORTUNA | KAEF;abc11whas.us;KAEF-DT.us_locals1;1.000;CALLSIGN_STRICT_V4
986433;┃USA┃ ABC 23 | BAKERSFIELD | KERO;abckero.us;KERO-DT.us_locals1;1.000;CALLSIGN_STRICT_V4
986466;┃USA┃ ABC 24 | AUSTIN | KVUE;abckvue.us;KVUE-DT.us_locals1;1.000;CALLSIGN_STRICT_V4
986387;┃USA┃ ABC 24 | ERIE | WJET;abc11whas.us;WJET-DT.us_locals1;1.000;CALLSIGN_STRICT_V4
986487;┃USA┃ ABC 24 | MEMPHIS | WATN;abc24watn.us;WATN-DT.us_locals1;1.000;CALLSIGN_STRICT_V4
986329;┃USA┃ ABC 25 | DISCTRICT OF COLUMBIA | WOLO;abc11whas.us;WOLO-DT.us_locals1;1.000;CALLSIGN_STRICT_V4
986435;┃USA┃ ABC 25 | EVANSVILLE | WEHT;abc11whas.us;WEHT-DT.us_locals1;1.000;CALLSIGN_STRICT_V4
986453;┃USA┃ ABC 25 | JACKSONVILLE | WJXX;abc25wjxx.us;WJXX-DT.us_locals1;1.000;CALLSIGN_STRICT_V4
986376;┃USA┃ ABC 25 | PEORIA | WEEK-DT2;abc11whas.us;WEEK-DT.us_locals1;1.000;CALLSIGN_STRICT_V4
986468;┃USA┃ ABC 25 | VICTORIA | KAVU-DT2;abc11whas.us;KAVU-DT.us_locals1;1.000;CALLSIGN_STRICT_V4
986459;┃USA┃ ABC 25 | WACO / TEMPLE / BRYAN | KXXV;abc25kxxv.us;KXXV-DT.us_locals1;1.000;CALLSIGN_STRICT_V4
986488;┃USA┃ ABC 25 | WEST PALM BEACH | WPBF;abc11whas.us;WPBF-DT.us_locals1;1.000;CALLSIGN_STRICT_V4
986330;┃USA┃ ABC 26 | NEW ORLEANS | WGNO;abc26wgno.us;WGNO-DT.us_locals1;1.000;CALLSIGN_STRICT_V4
986331;┃USA┃ ABC 27 | HARRISBURG | WHTM;abc11whas.us;WHTM-DT.us_locals1;1.000;CALLSIGN_STRICT_V4
986332;┃USA┃ ABC 27 | MADISON | WKOW;abc11whas.us;WKOW-DT.us_locals1;1.000;CALLSIGN_STRICT_V4
986390;┃USA┃ ABC 27 | TALLAHASSEE | WTXL;abc11whas.us;WTXL-DT.us_locals1;1.000;CALLSIGN_STRICT_V4
986456;┃USA┃ ABC 28 | LUBBOCK / TEXAS | KAMC;abc11whas.us;KAMC-DT.us_locals1;1.000;CALLSIGN_STRICT_V4
986308;┃USA┃ ABC 28 | TAMPA | WFTS;abc28wfts.us;WFTS-DT.us_locals1;1.000;CALLSIGN_STRICT_V4
986411;┃USA┃ ABC 29 | TRAVERSE CITY | WGTU;abc11whas.us;WGTU-DT.us_locals1;1.000;CALLSIGN_STRICT_V4
986333;┃USA┃ ABC 30 | FRESNO | KFSN;abc30kfsn.us;KFSN-DT.us_locals1;1.000;CALLSIGN_STRICT_V4
986334;┃USA┃ ABC 30 | ST. LOUIS | KDNL;abc30kdnl.us;KDNL-DT.us_locals1;1.000;CALLSIGN_STRICT_V4
986383;┃USA┃ ABC 31 | ALEXANDRIA | KLAX;abc11whas.us;KLAX-DT.us_locals1;1.000;CALLSIGN_STRICT_V4
986462;┃USA┃ ABC 31 | HUNTSVILLE | WAAY;abc11whas.us;WAAY-DT.us_locals1;1.000;CALLSIGN_STRICT_V4
986371;┃USA┃ ABC 32 | MONTGOMERY | WNCF;andtv.us;WNCF-DT.us_locals1;1.000;CALLSIGN_STRICT_V4
986454;┃USA┃ ABC 33 | MISSOURI | KSPR;abc11whas.us;KSPR-LD.us_locals1;1.000;CALLSIGN_STRICT_V4
986335;┃USA┃ ABC 33/40 | BIRMINGHAM | WBMA;abc3340wbma.us;WBMA-LD.us_locals1;1.000;CALLSIGN_STRICT_V4
986388;┃USA┃ ABC 34 | BINGHAMTON | WIVT;abcwivt.us;WIVT-DT.us_locals1;1.000;CALLSIGN_STRICT_V4
986364;┃USA┃ ABC 35 | LAFAYETTE | WPBY-LD;abc3katc.us;WPBY-LD.us_locals1;1.000;CALLSIGN_STRICT_V4
986336;┃USA┃ ABC 36 | LEXINGTON| WTVQ;abc36wtvq.us;WTVQ-DT.us_locals1;1.000;CALLSIGN_STRICT_V4
986475;┃USA┃ ABC 38 | TERRE HAUTE | WAWV;abc11whas.us;WAWV-DT.us_locals1;1.000;CALLSIGN_STRICT_V4
986478;┃USA┃ ABC 40 | SPRINGFIELD | WGGB;abc11whas.us;WGGB-DT.us_locals1;1.000;CALLSIGN_STRICT_V4
986461;┃USA┃ ABC 40/29 | FORT SMITH | KHBS;abc40khbs.us;KHBS-DT.us_locals1;1.000;CALLSIGN_STRICT_V4
986357;┃USA┃ ABC 42 | KENNEWICK | KVEW;abc11whas.us;KVEW-DT.us_locals1;1.000;CALLSIGN_STRICT_V4
986337;┃USA┃ ABC 45 | WINSTON-SALEM| WXLV;abc11whas.us;WXLV-DT.us_locals1;1.000;CALLSIGN_STRICT_V4
986413;┃USA┃ ABC 47 | SALISBURY | WMDT;abc11whas.us;WMDT-DT.us_locals1;1.000;CALLSIGN_STRICT_V4
986374;┃USA┃ ABC 49 | TOPEKA | KTKA;abc11whas.us;KTKA-DT.us_locals1;1.000;CALLSIGN_STRICT_V4
986343;┃USA┃ ABC 50 | WATERTOWN | WWTI;abc11whas.us;WWTI-DT.us_locals1;1.000;CALLSIGN_STRICT_V4
986432;┃USA┃ ABC 53 | LANSING | WLAJ;abc11whas.us;WLAJ-DT.us_locals1;1.000;CALLSIGN_STRICT_V4
986447;┃USA┃ ABC 57 | SOUTH BEND / ELKHART | WBND;abc11whas.us;WBND-LD.us_locals1;1.000;CALLSIGN_STRICT_V4
986744;┃USA┃ CBS 2 | NEW YORK | WCBS;cbs2wcbs.us;WCBS-DT.us_locals1;1.000;CALLSIGN_STRICT_V4
986724;┃USA┃ CBS 2 | BILLINGS | KTVQ;cbs2ktvq.us;KTVQ-DT.us_locals1;1.000;CALLSIGN_STRICT_V4
986747;┃USA┃ CBS 2 | BOISE ID | KBOI;cbs2kboi.us;KBOI-DT.us_locals1;1.000;CALLSIGN_STRICT_V4
986748;┃USA┃ CBS 2 | CEDAR RAPIDS | KGAN;cbs2kgan.us;KGAN-DT.us_locals1;1.000;CALLSIGN_STRICT_V4
986749;┃USA┃ CBS 2 | CHICAGO | WBBM;cbs2wbbm.us;WBBM-DT.us_locals1;1.000;CALLSIGN_STRICT_V4
986750;┃USA┃ CBS 2 | GREENSBORO NC | WFMY;cbs2wfmy.us;WFMY-DT.us_locals1;1.000;CALLSIGN_STRICT_V4
986751;┃USA┃ CBS 2 | LOS ANGELES | KCBS;cbs2kcbs.us;KCBS-DT.us_locals1;1.000;CALLSIGN_STRICT_V4
986702;┃USA┃ CBS 2 | PALM SPRINGS | KPSP;cbs2kpsp.us;KPSP-CD.us_locals1;1.000;CALLSIGN_STRICT_V4
986752;┃USA┃ CBS 2 | PITTSBURG | KDKA;cbs2kdka.us;KDKA-DT.us_locals1;1.000;CALLSIGN_STRICT_V4
986753;┃USA┃ CBS 2 | RENO NV| KTVN;cbs2ktvn.us;KTVN-DT.us_locals1;1.000;CALLSIGN_STRICT_V4
986746;┃USA┃ CBS 2 | SALT LAKE CITY UT | KUTV;cbs2kutv.us;KUTV-DT.us_locals1;1.000;CALLSIGN_STRICT_V4
986745;┃USA┃ CBS 2 | SPOKANE | KREM;cbs2krem.us;KREM-DT.us_locals1;1.000;CALLSIGN_STRICT_V4
986696;┃USA┃ CBS 3 | BRYAN | KBTX;cbs3kbtx.us;KBTX-DT.us_locals1;1.000;CALLSIGN_STRICT_V4
986754;┃USA┃ CBS 3 | BURLINGTON VT | WCAX;cbs3wcax.us;WCAX-DT.us_locals1;1.000;CALLSIGN_STRICT_V4
986755;┃USA┃ CBS 3 | CHAMPAIGN | WCIA;cbs3wcia.us;WCIA-DT.us_locals1;1.000;CALLSIGN_STRICT_V4
986756;┃USA┃ CBS 3 | CHARLOTTE NC | WBTV;cbs3wbtv.us;WBTV-DT.us_locals1;1.000;CALLSIGN_STRICT_V4
986713;┃USA┃ CBS 3 | COLUMBUS | WRBL;kval.us;WRBL-DT.us_locals1;1.000;CALLSIGN_STRICT_V4
986727;┃USA┃ CBS 3 | GREAT FALLS | KRTV;cbs3krtv.us;KRTV-DT.us_locals1;1.000;CALLSIGN_STRICT_V4
986759;┃USA┃ CBS 3 | HAMPTON ROADS | WTKR;cbs3wtkr.us;WTKR-DT.us_locals1;1.000;CALLSIGN_STRICT_V4
986757;┃USA┃ CBS 3 | HARTFORD | WFSB;cbs3wfsb.us;WFSB-DT.us_locals1;1.000;CALLSIGN_STRICT_V4
986758;┃USA┃ CBS 3 | KALAMAZOO MI | WWMT;cbs3wwmt.us;WWMT-DT.us_locals1;1.000;CALLSIGN_STRICT_V4
986686;┃USA┃ CBS 3 | MADISON | WISC;cbs3wisc.us;WISC-DT.us_locals1;1.000;CALLSIGN_STRICT_V4
986861;┃USA┃ CBS 3 | MEMPHIS | WREG;cbs3wreg.us;WREG-DT.us_locals1;1.000;CALLSIGN_STRICT_V4
986760;┃USA┃ CBS 3 | OMAHA| KMTV;cbs3kmtv.us;KMTV-DT.us_locals1;1.000;CALLSIGN_STRICT_V4
986761;┃USA┃ CBS 3 | PHILADELPHIA | KYW;cbs3kyw.us;KYW-DT.us_locals1;1.000;CALLSIGN_STRICT_V4
986703;┃USA┃ CBS 3 | ROCHESTER | KIMT;kval.us;KIMT-DT.us_locals1;1.000;CALLSIGN_STRICT_V4
986711;┃USA┃ CBS 3 | SPRINGFIELD | WSHM;kval.us;WSHM-LD.us_locals1;1.000;CALLSIGN_STRICT_V4
986762;┃USA┃ CBS 3 | WILMINGTON |WWAY;cbs3wwaydt2.us;WWAY-DT.us_locals1;1.000;CALLSIGN_STRICT_V4
986862;┃USA┃ CBS 4 | BOSTON | WBZ;cbs4wbz.us;WBZ-DT.us_locals1;1.000;CALLSIGN_STRICT_V4
986765;┃USA┃ CBS 4 | BUFFALO NY | WIVB;cbs4wivb.us;WIVB-DT.us_locals1;1.000;CALLSIGN_STRICT_V4
986723;┃USA┃ CBS 4 | BUTTE | KXLF;cbs4kxlf.us;KXLF-DT.us_locals1;1.000;CALLSIGN_STRICT_V4
986766;┃USA┃ CBS 4 | COLUMBUS MS | WCBI;cbs4wcbi.us;WCBI-DT.us_locals1;1.000;CALLSIGN_STRICT_V4
986767;┃USA┃ CBS 4 | DENVER CO | KCNC;cbs4kcnc.us;KCNC-DT.us_locals1;1.000;CALLSIGN_STRICT_V4
986764;┃USA┃ CBS 4 | DOTHAN | WTVY;cbs4wtvy.us;WTVY-DT.us_locals1;1.000;CALLSIGN_STRICT_V4
986768;┃USA┃ CBS 4 | EL PASO TX | KDBC;cbs4kdbc.us;KDBC-DT.us_locals1;1.000;CALLSIGN_STRICT_V4
986700;┃USA┃ CBS 4 | INDIANAPOLIS | WTTV;cbs4wttv.us;WTTV-DT.us_locals1;1.000;CALLSIGN_STRICT_V4
986763;┃USA┃ CBS 4 | MIAMI FL | WFOR;cbs4wfor.us;WFOR-DT.us_locals1;1.000;CALLSIGN_STRICT_V4
986769;┃USA┃ CBS 4 | MINNEAPOLIS MN | WCCO;cbs4wcco.us;WCCO-DT.us_locals1;1.000;CALLSIGN_STRICT_V4
986770;┃USA┃ CBS 4 | NEW ORLEANS| WWL;cbs4wwl.us;WWL-DT.us_locals1;1.000;CALLSIGN_STRICT_V4
986771;┃USA┃ CBS 4 | ROCK ISLAND | WHBF;kval.us;WHBF-DT.us_locals1;1.000;CALLSIGN_STRICT_V4
986772;┃USA┃ CBS 4 | ST. LOUIS MO | KMOV;cbs4kmov.us;KMOV-DT.us_locals1;1.000;CALLSIGN_STRICT_V4
986709;┃USA┃ CBS 5 | ALEXANDRIA | KALB-DT2;cbs5kalbdt2.us;KALB-DT.us_locals1;1.000;CALLSIGN_STRICT_V4
986698;┃USA┃ CBS 5 | BANGOR | WABI;cbs5wabi.us;WABI-DT.us_locals1;1.000;CALLSIGN_STRICT_V4
986776;┃USA┃ CBS 5 | CHARLESTON SC | WCSC;cbs5wcsc.us;WCSC-DT.us_locals1;1.000;CALLSIGN_STRICT_V4
986777;┃USA┃ CBS 5 | FLINT MI | WNEM;kval.us;WNEM-DT.us_locals1;1.000;CALLSIGN_STRICT_V4
986701;┃USA┃ CBS 5 | FORT SMITH | KFSM;cbs5kfsm.us;KFSM-DT.us_locals1;1.000;CALLSIGN_STRICT_V4
986731;┃USA┃ CBS 5 | GRAND JUNCTION | KREX;cbs5krex.us;KREX-DT.us_locals1;1.000;CALLSIGN_STRICT_V4
986863;┃USA┃ CBS 05 | CHEYENNE / SCOTTSBLUFF | KGWN;cbs5kgwn.us;KGWN-DT.us_locals1;1.000;CALLSIGN_STRICT_V4
986778;┃USA┃ CBS 5 | GREEN BAY WI | WFRV;cbs5wfrv.us;WFRV-DT.us_locals1;1.000;CALLSIGN_STRICT_V4
986694;┃USA┃ CBS 5 | HONOLULU | KGMB;cbs5kgmb.us;KGMB-DT.us_locals1;1.000;CALLSIGN_STRICT_V4
986779;┃USA┃ CBS 5 | KANSAS CITY | KCTV;cbs5kctv.us;KCTV-DT.us_locals1;1.000;CALLSIGN_STRICT_V4
986780;┃USA┃ CBS 5 | MOBILE AL | WKRG;cbs5wkrg.us;WKRG-DT.us_locals1;1.000;CALLSIGN_STRICT_V4
986781;┃USA┃ CBS 5 | NASHVILLE | WTVF;cbs5wtvf.us;WTVF-DT.us_locals1;1.000;CALLSIGN_STRICT_V4
986775;┃USA┃ CBS 5 | PHOENIX | KPHO;cbs5kpho.us;KPHO-DT.us_locals1;1.000;CALLSIGN_STRICT_V4
986773;┃USA┃ CBS 5 | SAN ANTONIO | KENS;cbs5kens.us;KENS-DT.us_locals1;1.000;CALLSIGN_STRICT_V4
986782;┃USA┃ CBS 5 | SAN FRANCISCO CA | KPIX;cbs5kpix.us;KPIX-DT.us_locals1;1.000;CALLSIGN_STRICT_V4
986783;┃USA┃ CBS 5 | SYRACUSE NY | WTVH;cbs5wtvh.us;WTVH-DT.us_locals1;1.000;CALLSIGN_STRICT_V4
986785;┃USA┃ CBS 6 | ALBANY NY | WRGB;cbs6wrgb.us;WRGB-DT.us_locals1;1.000;CALLSIGN_STRICT_V4
986786;┃USA┃ CBS 6 | LANSING MI | WLNS;cbs6wlns.us;WLNS-DT.us_locals1;1.000;CALLSIGN_STRICT_V4
986784;┃USA┃ CBS 6 | ORLANDO FL | WKMG;cbs6wkmg.us;WKMG-DT.us_locals1;1.000;CALLSIGN_STRICT_V4
986718;┃USA┃ CBS 6 |PORT ARTHUR| KFDM;cbs6kfdm.us;KFDM-DT.us_locals1;1.000;CALLSIGN_STRICT_V4
986787;┃USA┃ CBS 6 | PORTLAND | KOIN;cbs6koin.us;KOIN-DT.us_locals1;1.000;CALLSIGN_STRICT_V4
986788;┃USA┃ CBS 6 | RICHMOND | WTVR;cbs6wtvr.us;WTVR-DT.us_locals1;1.000;CALLSIGN_STRICT_V4
986705;┃USA┃ CBS 6 | TALLAHASSEE | WCTV;cbs6wctv.us;WCTV-DT.us_locals1;1.000;CALLSIGN_STRICT_V4
986789;┃USA┃ CBS 6 | TULSA OK | KOTV;cbs6kotv.us;KOTV-DT.us_locals1;1.000;CALLSIGN_STRICT_V4
986708;┃USA┃ CBS 6 | WICHITA FALLS | KAUZ;cbs6kauz.us;KAUZ-DT.us_locals1;1.000;CALLSIGN_STRICT_V4
986722;┃USA┃ CBS 7 | BEND | KBNZ-LD;cbs7kbnzld.us;KBNZ-LD.us_locals1;1.000;CALLSIGN_STRICT_V4
986790;┃USA┃ CBS 7 | DAYTON OH | WHIO;cbs7whio.us;WHIO-DT.us_locals1;1.000;CALLSIGN_STRICT_V4
986737;┃USA┃ CBS 7 | JOPLIN | KOAM;cbs7koam.us;KOAM-DT.us_locals1;1.000;CALLSIGN_STRICT_V4
986687;┃USA┃ CBS 7 | ODESSA / MIDLAND | KOSA;cbs7kosa.us;KOSA-DT.us_locals1;1.000;CALLSIGN_STRICT_V4
986791;┃USA┃ CBS 7 | ROANOKE VA | WDBJ;cbs7wdbj.us;WDBJ-DT.us_locals1;1.000;CALLSIGN_STRICT_V4
986792;┃USA┃ CBS 7 | SEATTLE | KIRO;cbs7kiro.us;KIRO-DT.us_locals1;1.000;CALLSIGN_STRICT_V4
986793;┃USA┃ CBS 7 | SPARTANBURG | WSPA;cbs7wspa.us;WSPA-DT.us_locals1;1.000;CALLSIGN_STRICT_V4
986704;┃USA┃ CBS 7 | WAUSAU | WSAW;cbs7wsaw.us;WSAW-DT.us_locals1;1.000;CALLSIGN_STRICT_V4
986794;┃USA┃ CBS 8 | DES MOINES | KCCI;cbs8kcci.us;KCCI-DT.us_locals1;1.000;CALLSIGN_STRICT_V4
986795;┃USA┃ CBS 8 | KNOXVILLE TN | WVLT;cbs8wvlt.us;WVLT-DT.us_locals1;1.000;CALLSIGN_STRICT_V4
986797;┃USA┃ CBS 8 | LA CROSSE | WKBT;cbs8wkbt.us;WKBT-DT.us_locals1;1.000;CALLSIGN_STRICT_V4
986796;┃USA┃ CBS 8 | LAS VEGAS NV | KLAS;cbs8klas.us;KLAS-DT.us_locals1;1.000;CALLSIGN_STRICT_V4
986733;┃USA┃ CBS 8 | MONROEÂEL DORADO | KNOE;cbs8knoe.us;KNOE-DT.us_locals1;1.000;CALLSIGN_STRICT_V4
986741;┃USA┃ CBS 8 | ROCHESTER | WROC;kval.us;WROC-DT.us_locals1;1.000;CALLSIGN_STRICT_V4
986740;┃USA┃ CBS 8 | SAN ANGELO | KLST;cbs8klst.us;KLST-DT.us_locals1;1.000;CALLSIGN_STRICT_V4
986798;┃USA┃ CBS 8 | SAN DIEGO | KFMB;cbs8kfmb.us;KFMB-DT.us_locals1;1.000;CALLSIGN_STRICT_V4
986691;┃USA┃ CBS 8 | SELMA | WAKA;cbs8waka.us;WAKA-DT.us_locals1;1.000;CALLSIGN_STRICT_V4
986802;┃USA┃ CBS 9 | CADILLAC | WWTV;cbs9wwtv.us;WWTV-DT.us_locals1;1.000;CALLSIGN_STRICT_V4
986799;┃USA┃ CBS 9 | GREENVILLE NC | WNCT;cbs9wnct.us;WNCT-DT.us_locals1;1.000;CALLSIGN_STRICT_V4
986800;┃USA┃ CBS 9 | LOS ANGELES | KCAL;cbs9kcal.us;KCAL-DT.us_locals1;1.000;CALLSIGN_STRICT_V4
986803;┃USA┃ CBS 9 | OKLAHOMA CITY OK | KWTV;cbs9kwtv.us;KWTV-DT.us_locals1;1.000;CALLSIGN_STRICT_V4
986801;┃USA┃ CBS 9 | WASHINGTON DC | WUSA;cbs9wusa.us;WUSA-DT.us_locals1;1.000;CALLSIGN_STRICT_V4
986805;┃USA┃ CBS 10 | ALTOONA PA | WTAJ;cbs10wtaj.us;WTAJ-DT.us_locals1;1.000;CALLSIGN_STRICT_V4
986864;┃USA┃ CBS 10 | AMARILLO | KFDA;cbs10kfda.us;KFDA-DT.us_locals1;1.000;CALLSIGN_STRICT_V4
986806;┃USA┃ CBS 10 | COLUMBUS. OH | WBNS;cbs10wbns.us;WBNS-DT.us_locals1;1.000;CALLSIGN_STRICT_V4
986807;┃USA┃ CBS 10 | CORPUS CHRISTI | KZTV;cbs10kztv.us;KZTV-DT.us_locals1;1.000;CALLSIGN_STRICT_V4
986808;┃USA┃ CBS 10 | LAFAYETTE LA | KLFY;cbs10klfy.us;KLFY-DT.us_locals1;1.000;CALLSIGN_STRICT_V4
986804;┃USA┃ CBS 10 | LINCOLN NE | KOLN;cbs10koln.us;KOLN-DT.us_locals1;1.000;CALLSIGN_STRICT_V4
986725;┃USA┃ CBS 10 | MEDFORD | KTVL;cbs10ktvl.us;KTVL-DT.us_locals1;1.000;CALLSIGN_STRICT_V4
986809;┃USA┃ CBS 10 | SPRINGFIELD | KOLR;kval.us;KOLR-DT.us_locals1;1.000;CALLSIGN_STRICT_V4
986810;┃USA┃ CBS 10 | TAMPA FL | WTSP;kval.us;WTSP-DT.us_locals1;1.000;CALLSIGN_STRICT_V4
986729;┃USA┃ CBS 10 | TERRE HAUTE | WTHI;cbs10wthi.us;WTHI-DT.us_locals1;1.000;CALLSIGN_STRICT_V4
986811;┃USA┃ CBS 10 | WACO TX | KWTX;cbs10kwtx.us;KWTX-DT.us_locals1;1.000;CALLSIGN_STRICT_V4
986812;┃USA┃ CBS 11 | COLORADO SPRINGS | KKTV;cbs11kktv.us;KKTV-DT.us_locals1;1.000;CALLSIGN_STRICT_V4
986813;┃USA┃ CBS 11 | FORT MYERS | WINK;cbs11wink.us;WINK-DT.us_locals1;1.000;CALLSIGN_STRICT_V4
986814;┃USA┃ CBS 11 | FORT WORTH | KTVT;cbs11ktvt.us;KTVT-DT.us_locals1;1.000;CALLSIGN_STRICT_V4
986815;┃USA┃ CBS 11 | HOUSTON | KHOU;cbs11khou.us;KHOU-DT.us_locals1;1.000;CALLSIGN_STRICT_V4
986689;┃USA┃ CBS 11 | JOHNSON CITY | WJHL;cbs11wjhl.us;WJHL-DT.us_locals1;1.000;CALLSIGN_STRICT_V4
986816;┃USA┃ CBS 11 | LITTLE ROCK AR | KTHV;cbs11kthv.us;KTHV-DT.us_locals1;1.000;CALLSIGN_STRICT_V4
986710;┃USA┃ CBS 11 | RAPID CITY | KCLO;cbs11kclo.us;KCLO-DT.us_locals1;1.000;CALLSIGN_STRICT_V4
986817;┃USA┃ CBS 11 | SAVANNAH GA | WTOC;cbs11wtoc.us;WTOC-DT.us_locals1;1.000;CALLSIGN_STRICT_V4
986818;┃USA┃ CBS 11 | SIOUX FALLS | KELO;cbs11kelo.us;KELO-DT.us_locals1;1.000;CALLSIGN_STRICT_V4
986819;┃USA┃ CBS 11 | TOLEDO OH | WTOL;cbs11wtol.us;WTOL-DT.us_locals1;1.000;CALLSIGN_STRICT_V4
986734;┃USA┃ CBS 11 | TWIN FALLS | KMVT;cbs11kmvt.us;KMVT-DT.us_locals1;1.000;CALLSIGN_STRICT_V4
986821;┃USA┃ CBS 12 | AUGUSTA GA | WRDW;cbs12wrdw.us;WRDW-DT.us_locals1;1.000;CALLSIGN_STRICT_V4
986706;┃USA┃ CBS 12 | BINGHAMTON | WBNG;cbs12wbng.us;WBNG-DT.us_locals1;1.000;CALLSIGN_STRICT_V4
986822;┃USA┃ CBS 12 | CAPE GIRARDEAU MO | KFVS;cbs12kfvs.us;KFVS-DT.us_locals1;1.000;CALLSIGN_STRICT_V4
986820;┃USA┃ CBS 12 | CHATTANOOGA TN | WDEF;cbs12wdef.us;WDEF-DT.us_locals1;1.000;CALLSIGN_STRICT_V4
986823;┃USA┃ CBS 12 | CINCINNATI OH | WKRC;cbs12wkrc.us;WKRC-DT.us_locals1;1.000;CALLSIGN_STRICT_V4
986824;┃USA┃ CBS 12 | JACKSON MS | WJTV;cbs12wjtv.us;WJTV-DT.us_locals1;1.000;CALLSIGN_STRICT_V4
986825;┃USA┃ CBS 12 | PROVIDENCE | WPRI;cbs12wpri.us;WPRI-DT.us_locals1;1.000;CALLSIGN_STRICT_V4
986743;┃USA┃ CBS 12 | SANTA BARBARA | KEYT;kval.us;KEYT-DT.us_locals1;1.000;CALLSIGN_STRICT_V4
986692;┃USA┃ CBS 12 | SANTA MARIA | KCOY;kval.us;KCOY-DT.us_locals1;1.000;CALLSIGN_STRICT_V4
986826;┃USA┃ CBS 12 | SHREVEPORT LA | KSLA;cbs12ksla.us;KSLA-DT.us_locals1;1.000;CALLSIGN_STRICT_V4
986827;┃USA┃ CBS 12 | WEST PALM BEACH | WPEC;cbs12wpec.us;WPEC-DT.us_locals1;1.000;CALLSIGN_STRICT_V4
986828;┃USA┃ CBS 12 | WICHITA KS | KWCH;kval.us;KWCH-DT.us_locals1;1.000;CALLSIGN_STRICT_V4
986829;┃USA┃ CBS 13 | ALBUQUERQUE | KRQE;cbs13krqe.us;KRQE-DT.us_locals1;1.000;CALLSIGN_STRICT_V4
986830;┃USA┃ CBS 13 | BALTIMORE MD | WJZ;cbs13wjz.us;WJZ-DT.us_locals1;1.000;CALLSIGN_STRICT_V4
986831;┃USA┃ CBS 13 | EUGENE OR | KVAL;cbs13kval.us;KVAL-DT.us_locals1;1.000;CALLSIGN_STRICT_V4
986832;┃USA┃ CBS 13 | FLORENCE | WBTW;cbs13wbtw.us;WBTW-DT.us_locals1;1.000;CALLSIGN_STRICT_V4
986833;┃USA┃ CBS 13 | GEORGIA | WMAZ;kval.us;WMAZ-DT.us_locals1;1.000;CALLSIGN_STRICT_V4
986719;┃USA┃ CBS 13 | GULFPORT | WLOX-DT2;cbs13wloxdt2.us;WLOX-DT.us_locals1;1.000;CALLSIGN_STRICT_V4
986834;┃USA┃ CBS 13 | HUNTINGTON WV | WOWK;cbs13wowk.us;WOWK-DT.us_locals1;1.000;CALLSIGN_STRICT_V4
986835;┃USA┃ CBS 13 | JEFFERSON CITY | KRCG;cbs13krcg.us;KRCG-DT.us_locals1;1.000;CALLSIGN_STRICT_V4
986697;┃USA┃ CBS 13 | LUBBOCK | KLBK;cbs13klbk.us;KLBK-DT.us_locals1;1.000;CALLSIGN_STRICT_V4
986715;┃USA┃ CBS 13 | MINOT | KXMC;cbs13cbskxmc.us;KXMC-DT.us_locals1;1.000;CALLSIGN_STRICT_V4
986836;┃USA┃ CBS 13 | PORTLAND | WGME;cbs13wgme.us;WGME-DT.us_locals1;1.000;CALLSIGN_STRICT_V4
986837;┃USA┃ CBS 13 | SACRAMENTO CA | KOVR;kval.us;KOVR-DT.us_locals1;1.000;CALLSIGN_STRICT_V4
986712;┃USA┃ CBS 13 | TOPEKA | WIBW;cbs13wibw.us;WIBW-DT.us_locals1;1.000;CALLSIGN_STRICT_V4
986838;┃USA┃ CBS 13 | TUCSON AZ | KOLD;cbs13kold.us;KOLD-DT.us_locals1;1.000;CALLSIGN_STRICT_V4
986839;┃USA┃ CBS 15 | FORT WAYNE | WANE;cbs15wane.us;WANE-DT.us_locals1;1.000;CALLSIGN_STRICT_V4
986840;┃USA┃ CBS 17 | GOLDSBORO NC | WNCN;kval.us;WNCN-DT.us_locals1;1.000;CALLSIGN_STRICT_V4
986730;┃USA┃ CBS 17 | LAKE CHARLES | KSWL-LD;cbs17kswlld.us;KSWL-LD.us_locals1;1.000;CALLSIGN_STRICT_V4
986716;┃USA┃ CBS 18 | LAFAYETTE | WLFI-DT;cbs10klfy.us;WLFI-DT.us_locals1;1.000;CALLSIGN_STRICT_V4
986736;┃USA┃ CBS 18 | PANAMA CITY | WECP-LD;cbs18wecp.us;WECP-LD.us_locals1;1.000;CALLSIGN_STRICT_V4
986738;┃USA┃ CBS 19 | CHARLOTTESVILLE | WCAV;cbs19wcav.us;WCAV-DT.us_locals1;1.000;CALLSIGN_STRICT_V4
986841;┃USA┃ CBS 19 | CLEVELAND OH | WOIO;cbs19woio.us;WOIO-DT.us_locals1;1.000;CALLSIGN_STRICT_V4
986842;┃USA┃ CBS 19 | COLUMBIA SC | WLTX;cbs19wltx.us;WLTX-DT.us_locals1;1.000;CALLSIGN_STRICT_V4
986843;┃USA┃ CBS 19 | HUNTSVILLE | WHNT;cbs19whnt.us;WHNT-DT.us_locals1;1.000;CALLSIGN_STRICT_V4
986844;┃USA┃ CBS 19 | TYLER | KYTX;cbs19kytx.us;KYTX-DT.us_locals1;1.000;CALLSIGN_STRICT_V4
986845;┃USA┃ CBS 21 | HARRISBURG PA | WHP;cbs21whp.us;WHP-DT.us_locals1;1.000;CALLSIGN_STRICT_V4
986688;┃USA┃ CBS 22 | SCRANTON | WYOU;cbs22wyou.us;WYOU-DT.us_locals1;1.000;CALLSIGN_STRICT_V4
986699;┃USA┃ CBS 22 |SOUTH BEND| WSBT;cbs22wsbt.us;WSBT-DT.us_locals1;1.000;CALLSIGN_STRICT_V4
986728;┃USA┃ CBS 23 | ROCKFORD | WIFR-LD;cbs23wifr.us;WIFR-LD.us_locals1;1.000;CALLSIGN_STRICT_V4
986726;┃USA┃ CBS 24 | MERIDIAN | WMDN;cbs24wmdn.us;WMDN-DT.us_locals1;1.000;CALLSIGN_STRICT_V4
986846;┃USA┃ CBS 27 | LEXINGTON KY | WKYT;cbs27wkyt.us;WKYT-DT.us_locals1;1.000;CALLSIGN_STRICT_V4
986847;┃USA┃ CBS 27 | YOUNGSTOWN | WKBN;cbs27wkbn.us;WKBN-DT.us_locals1;1.000;CALLSIGN_STRICT_V4
986848;┃USA┃ CBS 29 | BAKERSFIELD | KBAK;cbs29kbak.us;KBAK-DT.us_locals1;1.000;CALLSIGN_STRICT_V4
986849;┃USA┃ CBS 29 | YAKIMA | KIMA;cbs29kima.us;KIMA-DT.us_locals1;1.000;CALLSIGN_STRICT_V4
986850;┃USA┃ CBS 30 | FARGO VALLEY ND | KXJB;cbs30kxjb.us;KXJB-LD.us_locals1;1.000;CALLSIGN_STRICT_V4
986690;┃USA┃ CBS 31 | PEORIA | WMBD;cbs31wmbd.us;WMBD-DT.us_locals1;1.000;CALLSIGN_STRICT_V4
986739;┃USA┃ CBS 32 | ABILENE | KTAB;cbs32ktab.us;KTAB-DT.us_locals1;1.000;CALLSIGN_STRICT_V4
986851;┃USA┃ CBS 32 | LOUISVILLE | WLKY;cbs32wlky.us;WLKY-DT.us_locals1;1.000;CALLSIGN_STRICT_V4
986707;┃USA┃ CBS 35 | ERIE | WSEE;cbs35wsee.us;WSEE-DT.us_locals1;1.000;CALLSIGN_STRICT_V4
986693;┃USA┃ CBS 38 | BOSTON | WSBK;cbs4wbz.us;WSBK-DT.us_locals1;1.000;CALLSIGN_STRICT_V4
986732;┃USA┃ CBS 39 | JONESBORO | KJNB-LD2;cbs39kjnbld2.us;KJNB-LD.us_locals1;1.000;CALLSIGN_STRICT_V4
986735;┃USA┃ CBS 40 | BOWLING GREEN | WNKY-DT2;cbs40wnky2.us;WNKY-DT.us_locals1;1.000;CALLSIGN_STRICT_V4
986852;┃USA┃ CBS 42 | AUSTIN | KEYE;cbs42keye.us;KEYE-DT.us_locals1;1.000;CALLSIGN_STRICT_V4
986853;┃USA┃ CBS 42 | BIRMINGHAM | WIAT;cbs42wiat.us;WIAT-DT.us_locals1;1.000;CALLSIGN_STRICT_V4
986854;┃USA┃ CBS 44 | EVANSVILLE IN | WEVV;cbs44wevv.us;WEVV-DT.us_locals1;1.000;CALLSIGN_STRICT_V4
986856;┃USA┃ CBS 46 | MONTEREY | KION;cbs46kion.us;KION-DT.us_locals1;1.000;CALLSIGN_STRICT_V4
986858;┃USA┃ CBS 47 | FRESNO CA | KGPE;cbs47kgpe.us;KGPE-DT.us_locals1;1.000;CALLSIGN_STRICT_V4
986857;┃USA┃ CBS 47 | JACKSONVILLE FL | WJAX;cbs47wjax.us;WJAX-DT.us_locals1;1.000;CALLSIGN_STRICT_V4
986685;┃USA┃ CBS 55 | RIVERHEAD | WLNY;cbs55wlny.us;WLNY-DT.us_locals1;1.000;CALLSIGN_STRICT_V4
986742;┃USA┃ CBS 57 | HAZARD | WYMT-DT;cbs57wymtdt.us;WYMT-DT.us_locals1;1.000;CALLSIGN_STRICT_V4
986859;┃USA┃ CBS 58 | MILWAUKEE WI| WDJT;cbs58wdjt.us;WDJT-DT.us_locals1;1.000;CALLSIGN_STRICT_V4
986860;┃USA┃ CBS 62 | DETROIT MI | WWJ;cbs62wwj.us;WWJ-DT.us_locals1;1.000;CALLSIGN_STRICT_V4
987162;┃USA┃ FOX NEWS CHANNEL HD;foxnews.us;Fox.News.Channel.HD.us2;1.000;EXACT_STRICT
987159;┃USA┃ FOX NEWS CHANNEL;foxnews.us;Fox.News.Channel.HD.us2;1.000;EXACT_STRICT
987160;┃USA┃ FOX SOUL;foxsoul.us;FOX.SOUL.us2;1.000;EXACT_STRICT
986994;┃USA┃ FOX 4 | ANCHORAGE | KTBY;fox10wala.us;KTBY-DT.us_locals1;1.000;CALLSIGN_STRICT_V4
986992;┃USA┃ FOX 4 | BILLINGS | KHMT;fox4khmt.us;KHMT-DT.us_locals1;1.000;CALLSIGN_STRICT_V4
986993;┃USA┃ FOX 4 | GRAND JUNCTION | KFQX;foxkfqx.us;KFQX-DT.us_locals1;1.000;CALLSIGN_STRICT_V4
986995;┃USA┃ FOX 5 | GREAT FALLS | KFBB-DT2;fox5kfbbdt2.us;KFBB-DT.us_locals1;1.000;CALLSIGN_STRICT_V4
986996;┃USA┃ FOX 5 | IDAHO FALLS | KXPI;fox5kxpi.us;KXPI-LD.us_locals1;1.000;CALLSIGN_STRICT_V4
986997;┃USA┃ FOX 8 | JOHNSTOWN | WWCP;fox8wwcp.us;WWCP-DT.us_locals1;1.000;CALLSIGN_STRICT_V4
986998;┃USA┃ FOX 9 | CHATTANOOGA | WTVC;fox9wtvcdt.us;WTVC-DT.us_locals1;1.000;CALLSIGN_STRICT_V4
986999;┃USA┃ FOX 9 | EL CENTRO | KECY;fox9kecy.us;KECY-DT.us_locals1;1.000;CALLSIGN_STRICT_V4
987000;┃USA┃ FOX 10 | TERRE HAUTE | WTHI-DT2;fox10wthidt2.us;WTHI-DT.us_locals1;1.000;CALLSIGN_STRICT_V4
987001;┃USA┃ FOX 11 | GREEN BAY | WLUK;fox11wluk.us;WLUK-DT.us_locals1;1.000;CALLSIGN_STRICT_V4
987005;┃USA┃ FOX 14 | AMARILLO | KCIT;fox14kcit.us;KCIT-DT.us_locals1;1.000;CALLSIGN_STRICT_V4
987003;┃USA┃ FOX 14 | El Paso | KFOX;fox14kfox.us;KFOX-DT.us_locals1;1.000;CALLSIGN_STRICT_V4
987006;┃USA┃ FOX 14 | JOPLIN | KFJX;fox14kfjx.us;KFJX-DT.us_locals1;1.000;CALLSIGN_STRICT_V4
987004;┃USA┃ FOX 14 | WEST MONROE | KARD;fox10wala.us;KARD-DT.us_locals1;1.000;CALLSIGN_STRICT_V4
987007;┃USA┃ FOX 16 | JACKSON | WJKT;fox10wala.us;WJKT-DT.us_locals1;1.000;CALLSIGN_STRICT_V4
987008;┃USA┃ FOX 18 | WICHITA FALLS | KJTL;fox18kjtl.us;KJTL-DT.us_locals1;1.000;CALLSIGN_STRICT_V4
987010;┃USA┃ FOX 20 | CHICO / REDDING | KCVU;fox10wala.us;KCVU-DT.us_locals1;1.000;CALLSIGN_STRICT_V4
987009;┃USA┃ FOX 20 | MONTGOMERY | WCOV;fox20wcov.us;WCOV-DT.us_locals1;1.000;CALLSIGN_STRICT_V4
987011;┃USA┃ FOX 21 | DULUTH / SUPERIOR | KQDS;fox21kqds.us;KQDS-DT.us_locals1;1.000;CALLSIGN_STRICT_V4
987015;┃USA┃ FOX 22 | BANGOR | WFVX;foxwfvx.us;WFVX-LD.us_locals1;1.000;CALLSIGN_STRICT_V4
987013;┃USA┃ FOX 22 | HATTIESBURG | WHPM;fox22whpm.us;WHPM-LD.us_locals1;1.000;CALLSIGN_STRICT_V4
987012;┃USA┃ FOX 22 | JEFFERSON CITY | KQFX;fox22kqfx.us;KQFX-LD.us_locals1;1.000;CALLSIGN_STRICT_V4
987016;┃USA┃ FOX 24 | ODESSA / MIDLAND | KPEJ;fox24kpej.us;KPEJ-DT.us_locals1;1.000;CALLSIGN_STRICT_V4
987014;┃USA┃ FOX 24 | WICHITA | KSAS;fox24ksas.us;KSAS-DT.us_locals1;1.000;CALLSIGN_STRICT_V4
987018;┃USA┃ FOX 27 | CASPER / RIVERTON | KFNB;fox27kfnb.us;KFNB-DT.us_locals1;1.000;CALLSIGN_STRICT_V4
987017;┃USA┃ FOX 27 | CHEYENNE/SCOTTSBLUFF | KLWY;fox27klwy.us;KLWY-DT.us_locals1;1.000;CALLSIGN_STRICT_V4
987029;┃USA┃ FOX 28 | COLUMBUS | WTTE;fox28wsyxdt3.us;WTTE-DT.us_locals1;1.000;CALLSIGN_STRICT_V4
987031;┃USA┃ FOX 28 | EUREKA | KBVU;fox28kbvu.us;KBVU-DT.us_locals1;1.000;CALLSIGN_STRICT_V4
987032;┃USA┃ FOX 31 | ALBANY | WFXL;fox31wfxl.us;WFXL-DT.us_locals1;1.000;CALLSIGN_STRICT_V4
987019;┃USA┃ FOX 33 | PALM SPRINGS | KDFX;fox11kdfx.us;KDFX-CD.us_locals1;1.000;CALLSIGN_STRICT_V4
987020;┃USA┃ FOX 33 | SHREVEPORT |  KMSS;fox33kmss.us;KMSS-DT.us_locals1;1.000;CALLSIGN_STRICT_V4
987021;┃USA┃ FOX 33 | UTICA | WFXV;fox33wfxv.us;WFXV-DT.us_locals1;1.000;CALLSIGN_STRICT_V4
987023;┃USA┃ FOX 39 | BEND | KFXO;fox39kfxo.us;KFXO-CD.us_locals1;1.000;CALLSIGN_STRICT_V4
987024;┃USA┃ FOX 39 | JONESBORO | KJNB;fox39kjnb.us;KJNB-LD.us_locals1;1.000;CALLSIGN_STRICT_V4
987022;┃USA┃ FOX 39 | LAREDO | KXOF;fox39kxof.us;KXOF-CD.us_locals1;1.000;CALLSIGN_STRICT_V4
987025;┃USA┃ FOX 43 | TOPEKA | KTMJ;fox43ktmj.us;KTMJ-CD.us_locals1;1.000;CALLSIGN_STRICT_V4
987026;┃USA┃ FOX 44 | SIOUX CITY | KPTH;fox44kpth.us;KPTH-DT.us_locals1;1.000;CALLSIGN_STRICT_V4
987027;┃USA┃ FOX 48 | ALEXANDRIA | WNTZ;fox48wntz.us;WNTZ-DT.us_locals1;1.000;CALLSIGN_STRICT_V4
987449;┃USA┃ NBC 38 | COLUMBUS | WLTZ;nbc38wltz.us;WLTZ-DT.us_locals1;1.000;CALLSIGN_STRICT_V4
988006;┃USA┃ PBS | ALBANY GEORGI | WGTV;pbs13wnet.us;WGTV-DT.us_locals1;1.000;CALLSIGN_STRICT_V4
988002;┃USA┃ PBS | ASHEVILLE NORTH CAROLINA | WNTV;pbs13wnet.us;WNTV-DT.us_locals1;1.000;CALLSIGN_STRICT_V4
987976;┃USA┃ PBS | AUSTIN | KLRU;pbsklru.us;KLRU-DT.us_locals1;1.000;CALLSIGN_STRICT_V4
988003;┃USA┃ PBS | BANGOR ME | WMEB;pbs13wnet.us;WMEB-DT.us_locals1;1.000;CALLSIGN_STRICT_V4
987953;┃USA┃ PBS | BIRMINGHAM | WBIQ;pbs13wnet.us;WBIQ-DT.us_locals1;1.000;CALLSIGN_STRICT_V4
988014;┃USA┃ PBS | BOSTON MASSACHUSETTS | WENH;pbswgbh.us;WENH-DT.us_locals1;1.000;CALLSIGN_STRICT_V4
988001;┃USA┃ PBS | CARBONDALE | WSIU;pbs13wnet.us;WSIU-DT.us_locals1;1.000;CALLSIGN_STRICT_V4
987984;┃USA┃ PBS | CHARLESTON | WEIU;pbs13wnet.us;WEIU-DT.us_locals1;1.000;CALLSIGN_STRICT_V4
987947;┃USA┃ PBS | COLUMBIA | WRLK;pbswrlk.us;WRLK-DT.us_locals1;1.000;CALLSIGN_STRICT_V4
987946;┃USA┃ PBS | COLUMBUS | WOSU;pbs13wnet.us;WOSU-DT.us_locals1;1.000;CALLSIGN_STRICT_V4
987977;┃USA┃ PBS | CORPUS CHRISTI | KEDT;pbs13wnet.us;KEDT-DT.us_locals1;1.000;CALLSIGN_STRICT_V4
987945;┃USA┃ PBS | DALLAS | KERA;pbskera.us;KERA-DT.us_locals1;1.000;CALLSIGN_STRICT_V4
987944;┃USA┃ PBS | DENVER COLORADO | KBDI;pbskbdi.us;KBDI-DT.us_locals1;1.000;CALLSIGN_STRICT_V4
987981;┃USA┃ PBS | FAIRBANKS | KUAC;pbskuac.us;KUAC-DT.us_locals1;1.000;CALLSIGN_STRICT_V4
987956;┃USA┃ PBS | FORT SMITH ARKANSAS | KAFT;pbs13wnet.us;KAFT-DT.us_locals1;1.000;CALLSIGN_STRICT_V4
988010;┃USA┃ PBS | FRESNO CALIFORNIA | KVPT;pbs13wnet.us;KVPT-DT.us_locals1;1.000;CALLSIGN_STRICT_V4
988004;┃USA┃ PBS | HARRISBURG ILLINOIS | WKPD;pbs13wnet.us;WKPD-DT.us_locals1;1.000;CALLSIGN_STRICT_V4
987957;┃USA┃ PBS | HARTFORD / NEW HAVEN | WEDH;wedh.us;WEDH-DT.us_locals1;1.000;CALLSIGN_STRICT_V4
987967;┃USA┃ PBS | JACKSONVILLE | WJCT;pbswjct.us;WJCT-DT.us_locals1;1.000;CALLSIGN_STRICT_V4
987963;┃USA┃ PBS | KNOXVILLE | WETP;pbs13wnet.us;WETP-DT.us_locals1;1.000;CALLSIGN_STRICT_V4
988015;┃USA┃ PBS | LA CROSSE  WISCONSIN | WHLA;pbs13wnet.us;WHLA-DT.us_locals1;1.000;CALLSIGN_STRICT_V4
987980;┃USA┃ PBS | LAS CRUCES | KRWG;pbs13wnet.us;KRWG-DT.us_locals1;1.000;CALLSIGN_STRICT_V4
987987;┃USA┃ PBS | MEMPHIS | WKNO;wkno.us;WKNO-DT.us_locals1;1.000;CALLSIGN_STRICT_V4
987968;┃USA┃ PBS | MOLINE | WQPT;pbs13wnet.us;WQPT-DT.us_locals1;1.000;CALLSIGN_STRICT_V4
987959;┃USA┃ PBS | NC CHAPEL HILL  | WUNC;pbs13wnet.us;WUNC-DT.20.us_locals1;1.000;CALLSIGN_STRICT_V4
987974;┃USA┃ PBS | NINE ST LOUIS | KETC;pbs13wnet.us;KETC-DT.us_locals1;1.000;CALLSIGN_STRICT_V4
987999;┃USA┃ PBS | OMAHA NEBRASKA | KBIN;pbs13wnet.us;KBIN-DT.us_locals1;1.000;CALLSIGN_STRICT_V4
987936;┃USA┃ PBS | ORLANDO | WUCF;pbswucf.us;WUCF-DT.us_locals1;1.000;CALLSIGN_STRICT_V4
987991;┃USA┃ PBS | PEORIA | WTVP;pbs13wnet.us;WTVP-DT.us_locals1;1.000;CALLSIGN_STRICT_V4
987917;┃USA┃ PBS | PHOENIX ARIZONA | KAET;pbs13wnet.us;KAET-DT.us_locals1;1.000;CALLSIGN_STRICT_V4
987997;┃USA┃ PBS | PITTSBURGH KANSAS | KOZJ;pbswqed.us;KOZJ-DT.us_locals1;1.000;CALLSIGN_STRICT_V4
987920;┃USA┃ PBS | PORTLAND OREGON | KOPB;pbs13wnet.us;KOPB-DT.us_locals1;1.000;CALLSIGN_STRICT_V4
987982;┃USA┃ PBS | RENO | KNPB;pbs13wnet.us;KNPB-DT.us_locals1;1.000;CALLSIGN_STRICT_V4
987962;┃USA┃ PBS | RIVERTON | KCWC;pbs13wnet.us;KCWC-DT.us_locals1;1.000;CALLSIGN_STRICT_V4
987961;┃USA┃ PBS | ROCHESTER | WXXI;pbs13wnet.us;WXXI-DT.us_locals1;1.000;CALLSIGN_STRICT_V4
988011;┃USA┃ PBS | SAINT PAUL MINNESOTA | KTCA;pbs13wnet.us;KTCA-DT.us_locals1;1.000;CALLSIGN_STRICT_V4
987971;┃USA┃ PBS | SALT LAKE CITY | KUED;pbskued.us;KUED-DT.us_locals1;1.000;CALLSIGN_STRICT_V4
987998;┃USA┃ PBS | SEATTLE WASHINGTON | KBTC;pbskcts.us;KBTC-DT.us_locals1;1.000;CALLSIGN_STRICT_V4
988012;┃USA┃ PBS | SIOUX CITY IOWA | KSIN;pbs13wnet.us;KSIN-DT.us_locals1;1.000;CALLSIGN_STRICT_V4
987966;┃USA┃ PBS | SYRACUSE | WCNY;pbs13wnet.us;WCNY-DT.us_locals1;1.000;CALLSIGN_STRICT_V4
987935;┃USA┃ PBS | TAMPA | WEDU;pbs13wnet.us;WEDU-DT.us_locals1;1.000;CALLSIGN_STRICT_V4
987965;┃USA┃ PBS | TOLEDO OHIO | WGTE;pbswgte.us;WGTE-DT.us_locals1;1.000;CALLSIGN_STRICT_V4
987958;┃USA┃ PBS | UNC NC | WUNF;pbs13wnet.us;WUNF-DT.us_locals1;1.000;CALLSIGN_STRICT_V4
987986;┃USA┃ PBS | URBANA CHAMPAIGN | WILL;pbs13wnet.us;WILL-DT.us_locals1;1.000;CALLSIGN_STRICT_V4
987983;┃USA┃ PBS | VINCENNES | WVUT;pbs13wnet.us;WVUT-DT.us_locals1;1.000;CALLSIGN_STRICT_V4
987975;┃USA┃ PBS | WARRENSBURG | KMOS;pbs13wnet.us;KMOS-DT.us_locals1;1.000;CALLSIGN_STRICT_V4
987934;┃USA┃ PBS | WASHINGTON DC | WHUT;pbswhut.us;WHUT-DT.us_locals1;1.000;CALLSIGN_STRICT_V4
987988;┃USA┃ PBS | WATERTOWN | WPBS;pbs13wnet.us;WPBS-DT.us_locals1;1.000;CALLSIGN_STRICT_V4
987933;┃USA┃ PBS 2 | MIAMI | WPBT;pbswpbt.us;WPBT-DT.us_locals1;1.000;CALLSIGN_STRICT_V4
987995;┃USA┃ PBS 6 | EMERGE | KMOS;pbs13wnet.us;KMOS-DT.us_locals1;1.000;CALLSIGN_STRICT_V4
987955;┃USA┃ PBS 6 | SACRAMENTO / SAN FRANSISCO | KVIE;pbskvie.us;KVIE-DT.us_locals1;1.000;CALLSIGN_STRICT_V4
987949;┃USA┃ PBS 8 | AMARILLO | KACV;pbs13wnet.us;KACV-DT.us_locals1;1.000;CALLSIGN_STRICT_V4
987942;┃USA┃ PBS 8 | HOUSTON | KUHT;pbs13wnet.us;KUHT-DT.us_locals1;1.000;CALLSIGN_STRICT_V4
987932;┃USA┃ PBS 9 | SAN FRANCISCO | KQED;pbskqed.us;KQED-DT.us_locals1;1.000;CALLSIGN_STRICT_V4
987978;┃USA┃ PBS 09 | REDDING | KIXE;pbs13wnet.us;KIXE-DT.us_locals1;1.000;CALLSIGN_STRICT_V4
987938;┃USA┃ PBS 10 | MILWAUKEE | WMVS;pbswmvs.us;WMVS-DT.us_locals1;1.000;CALLSIGN_STRICT_V4
987985;┃USA┃ PBS 11 | TALLAHASSEE | WFSU;pbs13wnet.us;WFSU-DT.us_locals1;1.000;CALLSIGN_STRICT_V4
987993;┃USA┃ PBS 13 | NEW YORK  | WNET;pbs13wnet.us;WNET-DT.us_locals1;1.000;CALLSIGN_STRICT_V4
987952;┃USA┃ PBS 14 | MOUNT PLEASANT | WCMU;pbs13wnet.us;WCMU-DT.us_locals1;1.000;CALLSIGN_STRICT_V4
987970;┃USA┃ PBS 17 | BUFFALO | WNED;pbswned.us;WNED-DT.us_locals1;1.000;CALLSIGN_STRICT_V4
987939;┃USA┃ PBS 17 | MIAMI DADE COUNT | WLRN;pbswpbt.us;WLRN-DT.us_locals1;1.000;CALLSIGN_STRICT_V4
987973;┃USA┃ PBS 17 | NY TROY | WMHT;pbs13wnet.us;WMHT-DT.us_locals1;1.000;CALLSIGN_STRICT_V4
987994;┃USA┃ PBS 21 | INDIANAPOLIS | WFYI;pbswfyi.us;WFYI-DT.us_locals1;1.000;CALLSIGN_STRICT_V4
987951;┃USA┃ PBS 21 | NEW YORK | WLIW;pbswliw21.us;WLIW-DT.us_locals1;1.000;CALLSIGN_STRICT_V4
987992;┃USA┃ PBS 21 | SCRANTON | WVIA;pbs13wnet.us;WVIA-DT.us_locals1;1.000;CALLSIGN_STRICT_V4
987964;┃USA┃ PBS 23 | KANSAS CITY / TOPEKA | KTWU;pbskcpt.us;KTWU-DT.us_locals1;1.000;CALLSIGN_STRICT_V4
987990;┃USA┃ PBS 25 | CHATTANOOGA | WTCI;pbs13wnet.us;WTCI-DT.us_locals1;1.000;CALLSIGN_STRICT_V4
987940;┃USA┃ PBS 28 | LOS ANGELES | KCET;pbsklcs.us;KCET-DT.us_locals1;1.000;CALLSIGN_STRICT_V4
987972;┃USA┃ PBS 30 | FORT MYERS | WGCU;pbs13wnet.us;WGCU-DT.us_locals1;1.000;CALLSIGN_STRICT_V4
987950;┃USA┃ PBS 35 | ALBUQUERQUE SANTA FE | KNME;pbsknme.us;KNME-DT.us_locals1;1.000;CALLSIGN_STRICT_V4
988000;┃USA┃ PBS 35 | CLEVELAND | WVIZ;pbwviz.us;WVIZ-DT.us_locals1;1.000;CALLSIGN_STRICT_V4
987969;┃USA┃ PBS 36 | GAINESVILLE | WUFT;pbswuft.us;WUFT-DT.us_locals1;1.000;CALLSIGN_STRICT_V4
987937;┃USA┃ PBS 36 | ODESSA / MIDLAND | KPBT;pbskpbt.us;KPBT-DT.us_locals1;1.000;CALLSIGN_STRICT_V4
987919;┃USA┃ PBS 42 | CHARLOTTE | WTVI;pbs13wnet.us;WTVI-DT.us_locals1;1.000;CALLSIGN_STRICT_V4
988008;┃USA┃ PBS 45 | CLEVELAND OHIO | WEAO;pbwviz.us;WEAO-DT.us_locals1;1.000;CALLSIGN_STRICT_V4
987989;┃USA┃ PBS 54 | ERIE | WQLN;pbs13wnet.us;WQLN-DT.us_locals1;1.000;CALLSIGN_STRICT_V4
987943;┃USA┃ PBS 56 | DETROIT | WTVS;pbswtvs.us;WTVS-DT.us_locals1;1.000;CALLSIGN_STRICT_V4
987979;┃USA┃ PBS 58 | LOS ANGELES | KLCS;pbsklcs.us;KLCS-DT.us_locals1;1.000;CALLSIGN_STRICT_V4
860850;┃USA┃ NFL NETWORK HD;;NFL.Network.HD.us2;1.000;EXACT_STRICT
860851;┃USA┃ NFL RED ZONE HD;;NFL.RedZone.HD.us2;1.000;EXACT_STRICT
1365346;┃USA┃ NBA LEAGUE PASS 1;;NBA.League.Pass.1.us2;1.000;EXACT_STRICT
1365347;┃USA┃ NBA LEAGUE PASS 2;;NBA.League.Pass.2.HD.us2;1.000;FUZZY_STRICT
1365348;┃USA┃ NBA LEAGUE PASS 3;;NBA.League.Pass.3.us2;1.000;FUZZY_STRICT
1365349;┃USA┃ NBA LEAGUE PASS 4;;NBA.League.Pass.4.us2;1.000;FUZZY_STRICT
1365350;┃USA┃ NBA LEAGUE PASS 5;;NBA.League.Pass.5.HD.us2;1.000;FUZZY_STRICT
1365351;┃USA┃ NBA LEAGUE PASS 6;;NBA.League.Pass.6.us2;1.000;FUZZY_STRICT
1365352;┃USA┃ NBA LEAGUE PASS 7;;NBA.League.Pass.7.HD.us2;1.000;FUZZY_STRICT
1365353;┃USA┃ NBA LEAGUE PASS 8;;NBA.League.Pass.8.HD.us2;1.000;FUZZY_STRICT
1365354;┃USA┃ NBA LEAGUE PASS 9;;NBA.League.Pass.9.HD.us2;1.000;FUZZY_STRICT
1365355;┃USA┃ NBA LEAGUE PASS 10;;NBA.League.Pass.10.us2;1.000;EXACT_STRICT
1365356;┃USA┃ NBA LEAGUE PASS 11;;NBA.League.Pass.1.us2;0.966;FUZZY_STRICT
1947415;┃USA┃ MLB NETWORK;;MLB.Network.HD.us2;1.000;EXACT_STRICT
988078;┃USA┃ TENNIS CHANNEL HD;;Tennis.Channel.HD.us2;1.000;EXACT_STRICT
988080;┃USA┃ TENNIS CHANNEL PLUS 2;;Tennis.Channel.HD.us2;0.941;FUZZY_STRICT
935052;┃USA┃ UNIMAS HD;;UniMas.us2;1.000;EXACT_STRICT
934998;┃USA┃ UNIVISION NETWORK;;Univision.Network.HD.us2;1.000;EXACT_STRICT
1370588;┃USA┃ 24/7 | WILL;;WILL-DT.us_locals1;1.000;CALLSIGN_STRICT_V4
